Workbook

Sheet Raw_Tickets_Data
A1: Ticket_ID | B1: Date_Opened | C1: Team | D1: Agent_Assigned | E1: City | F1: Channel | G1: Category | H1: Priority | I1: SLA_Target_Hours | J1: Status | K1: Date_Resolved | L1: Escalated | M1: CSAT_Score | N1: Notes
A2: TCK-21324 | B2: 11/07/2026 20:33 | C2: Billing Support | D2: Rehan Qureshi | E2: Lahore | F2: EMAIL | G2: general inquiry | H2: Medium | I2: 24 | J2: resolved | K2: 11/07/2026 21:20 | L2: No | N2: Required follow-up call
A3: TCK-20385 | B3: 16/04/2026 15:15 | C3: Tier 1 Support | D3: Zara Hussain | E3: Lahore | F3: Email | G3: Technical Issue | H3: Low | I3: 48 | J3: open | L3: No | N3: Escalated to senior agent
A4: TCK-21872 | B4: 20/04/2026 10:52 | C4: Tier 1 Support | D4: Zara Hussain | E4: Karachi | F4: chat | G4: billing issue | H4: Medium | I4: 24 | J4: Resolvd | K4: 20/04/2026 18:31 | L4: No | M4: 4 | N4: Resolved on first contact
A5: TCK-20146 | B5: 11/06/2026 19:08 | C5: Tier 1 Support | D5: Zara Hussain | E5: Peshawar | F5: portal | G5: billing issue | H5: Low | I5: 48 | J5: closed | K5: 12/06/2026 22:25 | L5: No | M5: 3 | N5: Technical issue resolved remotely
A6: TCK-21894 | B6: 18/06/2026 23:02 | C6: Tier 2 Support | D6: Mahnoor Aslam | E6: Lahore | F6: Portal | G6: billing issue | H6: Low | I6: 48 | J6: Re-opened | K6: 24/06/2026 21:51 | L6: No | N6: Customer satisfied with resolution
A7: TCK-21895 | B7: 13/05/2026 12:41 | C7: Tier 2 Support | D7: Bilal Chaudhry | E7: Karachi | F7: Live Chat | G7: billing issue | H7: Medium | I7: 24 | J7: Resolvd | K7: 15/05/2026 05:27 | L7: No | N7: Repeat issue from same customer
A8: TCK-20861 | B8: 24/05/2026 03:57 | C8: Technical Support | D8: Iqra Basit | E8: Lahore | F8: phone | G8: technical issue | H8: Medium | I8: 24 | J8: resolved | K8: 25/05/2026 09:12 | L8: No | N8: Required follow-up call
A9: TCK-22644 | B9: 18/03/2026 23:31 | C9: Technical Support | D9: Iqra Basit | E9: Karachi | F9: portal | G9: general inquiry | H9: High | I9: 8 | J9: Closed | K9: 19/03/2026 03:11 | L9: No | N9: Technical issue resolved remotely
A10: TCK-23174 | B10: 08/02/2026 09:40 | C10: Tier 2 Support | D10: Bilal Chaudhry | E10: Islamabad | F10: phone | G10: technical issue | H10: Critical | I10: 4 | J10: closed | K10: 08/02/2026 12:58 | L10: No | M10: 5 | N10: Customer satisfied with resolution
A11: TCK-22892 | B11: 17/05/2026 10:11 | C11: Billing Support | D11: Sadia Anwar | E11: Faisalabad | F11: phone | G11: technical issue | H11: High | I11: 8 | J11: Resolvd | K11: 17/05/2026 16:51 | L11: No
A12: TCK-22430 | B12: 03/06/2026 17:25 | C12: Technical Support | D12: Talha Nadeem | E12: Multan | F12: portal | G12: ACCOUNT ACCESS | H12: Low | I12: 48 | J12: Escalated | L12: Yes
A13: TCK-22748 | B13: 27/02/2026 19:17 | C13: Technical Support | D13: Talha Nadeem | E13: Peshawar | F13: Chat | G13: delivery delay | H13: Low | I13: 48 | J13: Escalated | L13: Yes | N13: Repeat issue from same customer
A14: TCK-21997 | B14: 07/01/2026 17:20 | C14: Tier 1 Support | D14: Ayaan Khalid | E14: Karachi | F14: chat | G14: Delivery Delay | H14: Critical | I14: 4 | J14: resolved | K14: 07/01/2026 18:59 | L14: No
A15: TCK-21076 | B15: 10/02/2026 22:38 | C15: Billing Support | D15: Sadia Anwar | E15: Multan | F15: portal | G15: GENERAL INQUIRY | H15: Medium | I15: 24 | J15: Resolved | K15: 11/02/2026 02:05 | L15: No | M15: 4 | N15: Technical issue resolved remotely
A16: TCK-21836 | B16: 28/06/2026 15:46 | C16: Billing Support | D16: Sadia Anwar | E16: Multan | F16: EMAIL | G16: Refund Request | H16: Low | I16: 48 | J16: open | L16: No | N16: Repeat issue from same customer
A17: TCK-20694 | B17: 11/04/2026 16:39 | C17: Tier 2 Support | D17: Mahnoor Aslam | E17: Lahore | F17: Phone | G17: GENERAL INQUIRY | H17: Critical | I17: 4 | J17: resolved | K17: 11/04/2026 17:13 | L17: No | M17: 5 | N17: Resolved on first contact
A18: TCK-21727 | B18: 20/06/2026 02:24 | C18: Tier 1 Support | D18: Ayaan Khalid | E18: Multan | F18: Chat | G18: billing issue | H18: Critical | I18: 4 | J18: InProgress | L18: No | N18: Awaiting customer response
A19: TCK-22363 | B19: 09/07/2026 12:04 | C19: Billing Support | D19: Sadia Anwar | E19: Karachi | F19: Email | G19: refund request | H19: Medium | I19: 24 | J19: resolved | K19: 09/07/2026 13:07 | L19: No | N19: Customer satisfied with resolution
A20: TCK-21516 | B20: 26/03/2026 14:31 | C20: Technical Support | D20: Iqra Basit | E20: Faisalabad | F20: PHONE | G20: Delivery Delay | H20: Low | I20: 48 | J20: closed | K20: 27/03/2026 08:42 | L20: No | M20: 4 | N20: Customer requested refund
A21: TCK-21810 | B21: 11/06/2026 07:46 | C21: Tier 1 Support | D21: Zara Hussain | E21: Peshawar | F21: Web Portal | G21: Delivery Delay | H21: Medium | I21: 24 | J21: resolved | K21: 13/06/2026 09:04 | L21: No | M21: 3 | N21: Customer requested refund
A22: TCK-20701 | B22: 19/01/2026 10:18 | C22: Tier 1 Support | D22: Zara Hussain | E22: Islamabad | F22: PHONE | G22: BILLING ISSUE | H22: Low | I22: 48 | J22: closed | K22: 22/01/2026 09:44 | L22: No | N22: Repeat issue from same customer
A23: TCK-21274 | B23: 03/07/2026 16:18 | C23: Technical Support | D23: Iqra Basit | E23: Islamabad | F23: Web Portal | G23: account access | H23: Medium | I23: 24 | J23: closed | K23: 03/07/2026 23:20 | L23: No | M23: 4 | N23: Required follow-up call
A24: TCK-21771 | B24: 19/06/2026 06:46 | C24: Billing Support | D24: Sadia Anwar | E24: Karachi | F24: email | G24: Tech Issue | H24: Low | I24: 48 | J24: OPEN | L24: No | N24: Awaiting customer response
A25: TCK-20578 | B25: 10/04/2026 21:02 | C25: Billing Support | D25: Rehan Qureshi | E25: Rawalpindi | F25: chat | G25: account access | H25: Medium | I25: 24 | J25: In Progress | L25: No | N25: Awaiting customer response
A26: TCK-21957 | B26: 13/06/2026 10:28 | C26: Tier 1 Support | D26: Ayaan Khalid | E26: Karachi | F26: portal | G26: Delivery Delay | H26: High | I26: 8 | J26: Resolved | K26: 13/06/2026 13:24 | L26: No | N26: Customer satisfied with resolution
A27: TCK-23150 | B27: 29/08/2026 16:39 | C27: Tier 1 Support | D27: Zara Hussain | E27: Rawalpindi | F27: EMAIL | G27: refund request | H27: Medium | I27: 24 | J27: in progress | L27: No | N27: Customer requested refund
A28: TCK-21907 | B28: 14/08/2026 20:10 | C28: Technical Support | D28: Talha Nadeem | E28: Islamabad | F28: Email | G28: Refund Request | H28: Medium | I28: 24 | J28: Closed | K28: 15/08/2026 17:20 | L28: No | M28: 2
A29: TCK-20794 | B29: 12/05/2026 20:17 | C29: Tier 2 Support | D29: Mahnoor Aslam | E29: Faisalabad | F29: Web Portal | G29: general inquiry | H29: Medium | I29: 24 | J29: open | L29: No | N29: Repeat issue from same customer
A30: TCK-20075 | B30: 30/08/2026 15:37 | C30: Tier 2 Support | D30: Bilal Chaudhry | E30: Multan | F30: Chat | G30: Delivery Delay | H30: Medium | I30: 24 | J30: Resolvd | K30: 31/08/2026 09:53 | L30: No | M30: 2
A31: TCK-23081 | B31: 03/08/2026 04:49 | C31: Tier 1 Support | D31: Ayaan Khalid | E31: Rawalpindi | F31: portal | G31: account access | H31: Low | I31: 48 | J31: resolved | K31: 03/08/2026 07:37 | L31: Yes | M31: 2 | N31: Customer requested refund
A32: TCK-21231 | B32: 24/08/2026 22:45 | C32: Tier 2 Support | D32: Mahnoor Aslam | E32: Lahore | F32: Chat | G32: technical issue | H32: Low | I32: 48 | J32: resolved | K32: 27/08/2026 06:00 | L32: No | M32: 3 | N32: Repeat issue from same customer
A33: TCK-22702 | B33: 09/07/2026 07:18 | C33: Billing Support | D33: Sadia Anwar | E33: Peshawar | F33: portal | G33: GENERAL INQUIRY | H33: Medium | I33: 24 | J33: Closed | K33: 09/07/2026 19:03 | L33: No | N33: Repeat issue from same customer
A34: TCK-22931 | B34: 19/04/2026 12:38 | C34: Tier 1 Support | D34: Zara Hussain | E34: Faisalabad | F34: portal | G34: Refund Request | H34: Critical | I34: 4 | J34: Escalated | L34: Yes | N34: Customer requested refund
A35: TCK-21721 | B35: 07/08/2026 16:42 | C35: Billing Support | D35: Sadia Anwar | E35: Faisalabad | F35: chat | G35: Billing Issue | H35: Low | I35: 48 | J35: Closed | K35: 09/08/2026 09:55 | L35: No | M35: 2 | N35: Technical issue resolved remotely
A36: TCK-20492 | B36: 04/02/2026 03:25 | C36: Billing Support | D36: Rehan Qureshi | E36: Lahore | F36: phone | G36: Account Access | H36: Medium | I36: 24 | J36: Closed | K36: 04/02/2026 05:35 | L36: No | M36: 1 | N36: Customer satisfied with resolution
A37: TCK-21757 | B37: 21/01/2026 18:20 | C37: Tier 2 Support | D37: Bilal Chaudhry | E37: Lahore | F37: portal | G37: refund request | H37: Medium | I37: 24 | J37: CLOSED | K37: 21/01/2026 21:03 | L37: No | M37: 5
A38: TCK-20017 | B38: 06/02/2026 09:53 | C38: Billing Support | D38: Rehan Qureshi | E38: Peshawar | F38: EMAIL | G38: Refund Request | H38: Medium | I38: 24 | J38: reopened | L38: No
A39: TCK-22401 | B39: 06/06/2026 01:56 | C39: Billing Support | D39: Sadia Anwar | E39: Faisalabad | F39: Phone | G39: general inquiry | H39: High | I39: 8 | J39: CLOSED | K39: 06/06/2026 07:22 | L39: No | M39: 1 | N39: Escalated to senior agent
A40: TCK-21540 | B40: 22/08/2026 15:21 | C40: Technical Support | D40: Iqra Basit | E40: Multan | F40: portal | G40: Technical Issue | H40: Medium | I40: 24 | J40: Closed | K40: 23/08/2026 11:34 | L40: No | M40: 5 | N40: Required follow-up call
A41: TCK-22329 | B41: 23/08/2026 19:12 | C41: Billing Support | D41: Sadia Anwar | E41: Rawalpindi | F41: Email | G41: Technical Issue | H41: High | I41: 8 | J41: ESCALATED | L41: Yes | N41: Resolved on first contact
A42: TCK-21158 | B42: 22/06/2026 16:32 | C42: Tier 1 Support | D42: Ayaan Khalid | E42: Faisalabad | F42: Phone | G42: Refund Request | H42: Medium | I42: 24 | J42: Resolved | K42: 25/06/2026 01:19 | L42: No
A43: TCK-21155 | B43: 05/03/2026 10:02 | C43: Tier 1 Support | D43: Ayaan Khalid | E43: Peshawar | F43: Phone | G43: ACCOUNT ACCESS | H43: Critical | I43: 4 | J43: Escalated | L43: Yes | N43: Awaiting customer response
A44: TCK-22992 | B44: 22/05/2026 15:45 | C44: Tier 1 Support | D44: Ayaan Khalid | E44: Peshawar | F44: chat | G44: BILLING ISSUE | H44: Medium | I44: 24 | J44: Closed | K44: 23/05/2026 10:55 | L44: No | M44: 3 | N44: Resolved on first contact
A45: TCK-22650 | B45: 07/05/2026 05:25 | C45: Tier 1 Support | D45: Zara Hussain | E45: Karachi | F45: Phone | G45: General Inquiry | H45: Medium | I45: 24 | J45: CLOSED | K45: 07/05/2026 11:59 | L45: No | M45: 4 | N45: Customer requested refund
A46: TCK-20156 | B46: 23/01/2026 11:58 | C46: Tier 2 Support | D46: Bilal Chaudhry | E46: Multan | F46: Phone | G46: Tech Issue | H46: Low | I46: 48 | J46: closed | L46: No | M46: 4 | N46: Repeat issue from same customer
A47: TCK-20299 | B47: 18/03/2026 14:47 | C47: Billing Support | D47: Sadia Anwar | E47: Multan | F47: Phone | G47: Delivery Delay | H47: Low | I47: 48 | J47: resolved | K47: 19/03/2026 10:51 | L47: No | N47: Awaiting customer response
A48: TCK-22183 | B48: 05/03/2026 06:37 | C48: Tier 1 Support | D48: Ayaan Khalid | E48: Faisalabad | F48: email | G48: technical issue | H48: Low | I48: 48 | J48: resolved | K48: 06/03/2026 18:45 | L48: No | M48: 5
A49: TCK-20220 | B49: 17/08/2026 04:35 | C49: Tier 1 Support | D49: Zara Hussain | E49: Rawalpindi | F49: Portal | G49: billing issue | H49: Critical | I49: 4 | J49: Resolved | K49: 17/08/2026 06:37 | L49: No | N49: Required follow-up call
A50: TCK-21063 | B50: 15/06/2026 16:20 | C50: Tier 2 Support | D50: Mahnoor Aslam | E50: Karachi | F50: email | G50: ACCOUNT ACCESS | H50: Medium | I50: 24 | J50: Resolved | K50: 16/06/2026 02:28 | L50: No | M50: 3 | N50: Required follow-up call
A51: TCK-20730 | B51: 11/05/2026 18:16 | C51: Billing Support | D51: Rehan Qureshi | E51: Rawalpindi | F51: email | G51: Refund Request | H51: Low | I51: 48 | J51: in progress | L51: No | N51: Customer satisfied with resolution
A52: TCK-20666 | B52: 26/06/2026 02:48 | C52: Tier 1 Support | D52: Zara Hussain | E52: Peshawar | F52: EMAIL | G52: ACCOUNT ACCESS | H52: Medium | I52: 24 | J52: escalated | L52: Yes | N52: Resolved on first contact
A53: TCK-22108 | B53: 14/08/2026 17:14 | C53: Technical Support | D53: Talha Nadeem | E53: Islamabad | F53: Chat | G53: billing issue | H53: Low | I53: 48 | J53: resolved | K53: 20/08/2026 11:48 | L53: No | M53: 3 | N53: Customer satisfied with resolution
A54: TCK-21363 | B54: 21/08/2026 19:55 | C54: Technical Support | D54: Iqra Basit | E54: Rawalpindi | F54: Web Portal | G54: Delivery Delay | H54: Medium | I54: 24 | J54: escalated | L54: Yes | N54: Awaiting customer response
A55: TCK-20259 | B55: 20/04/2026 18:07 | C55: Billing Support | D55: Sadia Anwar | E55: Faisalabad | F55: Web Portal | G55: BILLING ISSUE | H55: Medium | I55: 24 | J55: Resolvd | K55: 21/04/2026 06:04 | L55: No | M55: 5 | N55: Customer requested refund
A56: TCK-22524 | B56: 17/04/2026 05:18 | C56: Tier 1 Support | D56: Zara Hussain | E56: Lahore | F56: portal | G56: General Inquiry | H56: Low | I56: 48 | J56: Resolved | K56: 22/04/2026 20:45 | L56: Yes | M56: 5 | N56: Required follow-up call
A57: TCK-21355 | B57: 17/05/2026 04:14 | C57: Tier 1 Support | D57: Ayaan Khalid | E57: Lahore | F57: Email | G57: Refund Request | H57: Medium | I57: 24 | J57: Closed | K57: 17/05/2026 20:18 | L57: No | M57: 3 | N57: Required follow-up call
A58: TCK-20032 | B58: 28/06/2026 23:33 | C58: Tier 2 Support | D58: Mahnoor Aslam | E58: Faisalabad | F58: Web Portal | G58: Tech Issue | H58: Medium | I58: 24 | J58: Closed | K58: 29/06/2026 06:54 | L58: Yes | N58: Repeat issue from same customer
A59: TCK-20258 | B59: 17/07/2026 13:28 | C59: Billing Support | D59: Sadia Anwar | E59: Faisalabad | F59: chat | G59: account access | H59: Medium | I59: 24 | J59: Resolvd | K59: 19/07/2026 08:11 | L59: No | M59: 4 | N59: Awaiting customer response
A60: TCK-21589 | B60: 18/03/2026 13:33 | C60: Tier 1 Support | D60: Zara Hussain | E60: Faisalabad | F60: Live Chat | G60: GENERAL INQUIRY | H60: High | I60: 8 | J60: Resolvd | K60: 19/03/2026 09:40 | L60: No | M60: 3 | N60: Customer satisfied with resolution
A61: TCK-22688 | B61: 25/01/2026 08:01 | C61: Tier 2 Support | D61: Mahnoor Aslam | E61: Islamabad | F61: chat | G61: delivery delay | H61: Low | I61: 48 | J61: Resolvd | K61: 27/01/2026 02:58 | L61: No | M61: 3
A62: TCK-21585 | B62: 12/05/2026 13:37 | C62: Tier 1 Support | D62: Zara Hussain | E62: Peshawar | F62: email | G62: general inquiry | H62: Medium | I62: 24 | J62: Resolved | K62: 12/05/2026 20:47 | L62: No | N62: Required follow-up call
A63: TCK-21915 | B63: 25/07/2026 00:16 | C63: Billing Support | D63: Sadia Anwar | E63: Faisalabad | F63: chat | G63: technical issue | H63: Medium | I63: 24 | J63: OPEN | L63: No | N63: Awaiting customer response
A64: TCK-22801 | B64: 18/01/2026 17:29 | C64: Tier 1 Support | D64: Zara Hussain | E64: Islamabad | F64: Email | G64: GENERAL INQUIRY | H64: Medium | I64: 24 | J64: Resolved | K64: 19/01/2026 22:57 | L64: No | M64: 1
A65: TCK-20702 | B65: 06/02/2026 02:42 | C65: Technical Support | D65: Iqra Basit | E65: Islamabad | F65: Phone | G65: account access | H65: High | I65: 8 | J65: Resolvd | K65: 06/02/2026 19:25 | L65: No | N65: Escalated to senior agent
A66: TCK-21904 | B66: 22/01/2026 20:55 | C66: Billing Support | D66: Sadia Anwar | E66: Multan | F66: phone | G66: delivery delay | H66: High | I66: 8 | J66: Resolvd | K66: 23/01/2026 06:25 | L66: No | M66: 4 | N66: Customer requested refund
A67: TCK-21243 | B67: 29/01/2026 09:26 | C67: Billing Support | D67: Sadia Anwar | E67: Multan | F67: EMAIL | G67: general inquiry | H67: Low | I67: 48 | J67: CLOSED | K67: 31/01/2026 03:36 | L67: No | N67: Escalated to senior agent
A68: TCK-21663 | B68: 01/03/2026 11:10 | C68: Tier 2 Support | D68: Bilal Chaudhry | E68: Multan | F68: EMAIL | G68: Technical Issue | H68: Medium | I68: 24 | J68: closed | K68: 01/03/2026 21:43 | L68: No | M68: 2
A69: TCK-21581 | B69: 04/08/2026 05:33 | C69: Tier 1 Support | D69: Zara Hussain | E69: Multan | F69: Chat | G69: Delivery Delay | H69: High | I69: 8 | J69: In Progress | L69: No | N69: Awaiting customer response
A70: TCK-20188 | B70: 06/06/2026 14:44 | C70: Technical Support | D70: Iqra Basit | E70: Rawalpindi | F70: Email | G70: Tech Issue | H70: Medium | I70: 24 | J70: Resolved | K70: 06/06/2026 18:27 | L70: No | M70: 4 | N70: Escalated to senior agent
A71: TCK-20601 | B71: 22/01/2026 02:30 | C71: Technical Support | D71: Talha Nadeem | E71: Multan | F71: Live Chat | G71: Delivery Delay | H71: Critical | I71: 4 | J71: Open | L71: No | N71: Customer satisfied with resolution
A72: TCK-21846 | B72: 17/01/2026 03:45 | C72: Tier 2 Support | D72: Mahnoor Aslam | E72: Faisalabad | F72: email | G72: Tech Issue | H72: Low | I72: 48 | J72: Escalated | L72: Yes
A73: TCK-21269 | B73: 02/05/2026 15:51 | C73: Tier 2 Support | D73: Mahnoor Aslam | E73: Lahore | F73: Live Chat | G73: delivery delay | H73: Medium | I73: 24 | J73: resolved | K73: 05/05/2026 13:57 | L73: No | M73: 2 | N73: Repeat issue from same customer
A74: TCK-21942 | B74: 21/05/2026 14:47 | C74: Technical Support | D74: Talha Nadeem | E74: Karachi | F74: Email | G74: GENERAL INQUIRY | H74: Critical | I74: 4 | J74: resolved | L74: No | M74: 1 | N74: Escalated to senior agent
A75: TCK-20297 | B75: 18/07/2026 05:10 | C75: Tier 1 Support | D75: Ayaan Khalid | E75: Islamabad | F75: Live Chat | G75: Delivery Delay | H75: Low | I75: 48 | J75: Resolved | K75: 19/07/2026 19:03 | L75: No | N75: Escalated to senior agent
A76: TCK-21917 | B76: 02/03/2026 22:17 | C76: Billing Support | D76: Rehan Qureshi | E76: Peshawar | F76: Web Portal | G76: billing issue | H76: Medium | I76: 24 | J76: CLOSED | K76: 05/03/2026 02:15 | L76: Yes | N76: Awaiting customer response
A77: TCK-20028 | B77: 24/05/2026 09:14 | C77: Technical Support | D77: Talha Nadeem | E77: Multan | F77: Web Portal | G77: Billing Issue | H77: High | I77: 8 | J77: resolved | K77: 25/05/2026 06:45 | L77: No | N77: Required follow-up call
A78: TCK-22736 | B78: 10/02/2026 11:17 | C78: Tier 2 Support | D78: Bilal Chaudhry | E78: Islamabad | F78: PHONE | G78: GENERAL INQUIRY | H78: Low | I78: 48 | J78: Resolvd | K78: 11/02/2026 00:39 | L78: No | M78: 5 | N78: Customer satisfied with resolution
A79: TCK-21972 | B79: 12/07/2026 10:46 | C79: Technical Support | D79: Iqra Basit | E79: Peshawar | F79: Email | G79: ACCOUNT ACCESS | H79: High | I79: 8 | J79: closed | K79: 12/07/2026 12:20 | L79: No | M79: 4 | N79: Escalated to senior agent
A80: TCK-20494 | B80: 12/06/2026 01:11 | C80: Tier 2 Support | D80: Mahnoor Aslam | E80: Karachi | F80: phone | G80: Delivery Delay | H80: Low | I80: 48 | J80: Escalated | L80: Yes
A81: TCK-22468 | B81: 27/03/2026 19:26 | C81: Billing Support | D81: Rehan Qureshi | E81: Karachi | F81: chat | G81: general inquiry | H81: Medium | I81: 24 | J81: Resolvd | K81: 27/03/2026 20:58 | L81: No | N81: Required follow-up call
A82: TCK-20324 | B82: 01/04/2026 22:54 | C82: Tier 1 Support | D82: Zara Hussain | E82: Multan | F82: PHONE | G82: refund request | H82: Low | I82: 48 | J82: reopened | K82: 02/04/2026 09:38 | L82: No | N82: Escalated to senior agent
A83: TCK-20960 | B83: 28/08/2026 13:01 | C83: Billing Support | D83: Sadia Anwar | E83: Peshawar | F83: PHONE | G83: Refund Request | H83: Low | I83: 48 | J83: CLOSED | K83: 30/08/2026 01:11 | L83: No | N83: Customer requested refund
A84: TCK-23051 | B84: 26/08/2026 23:29 | C84: Technical Support | D84: Iqra Basit | E84: Lahore | F84: Phone | G84: general inquiry | H84: Low | I84: 48 | J84: in progress | L84: No
A85: TCK-21759 | B85: 21/05/2026 17:42 | C85: Tier 2 Support | D85: Bilal Chaudhry | E85: Karachi | F85: Chat | G85: Account Access | H85: Medium | I85: 24 | J85: reopened | K85: 22/05/2026 11:09 | L85: No
A86: TCK-20412 | B86: 11/05/2026 04:37 | C86: Tier 2 Support | D86: Mahnoor Aslam | E86: Faisalabad | F86: Chat | G86: Tech Issue | H86: Low | I86: 48 | J86: Closed | K86: 12/05/2026 12:27 | L86: No | M86: 4 | N86: Customer requested refund
A87: TCK-21290 | B87: 31/01/2026 22:36 | C87: Billing Support | D87: Sadia Anwar | E87: Islamabad | F87: phone | G87: technical issue | H87: Critical | I87: 4 | J87: Resolved | K87: 01/02/2026 05:53 | L87: No | M87: 1 | N87: Technical issue resolved remotely
A88: TCK-22608 | B88: 06/06/2026 04:59 | C88: Billing Support | D88: Rehan Qureshi | E88: Islamabad | F88: Phone | G88: technical issue | H88: Critical | I88: 4 | J88: Open | L88: No | N88: Awaiting customer response
A89: TCK-22941 | B89: 28/06/2026 13:46 | C89: Tier 1 Support | D89: Ayaan Khalid | E89: Islamabad | F89: Email | G89: refund request | H89: Medium | I89: 24 | J89: OPEN | L89: No
A90: TCK-21910 | B90: 21/02/2026 12:03 | C90: Billing Support | D90: Sadia Anwar | E90: Multan | F90: Portal | G90: Billing Issue | H90: High | I90: 8 | J90: closed | K90: 21/02/2026 16:19 | L90: No
A91: TCK-21175 | B91: 02/02/2026 21:56 | C91: Tier 1 Support | D91: Ayaan Khalid | E91: Multan | F91: Web Portal | G91: ACCOUNT ACCESS | H91: Low | I91: 48 | J91: in progress | L91: No | N91: Repeat issue from same customer
A92: TCK-22414 | B92: 20/03/2026 10:16 | C92: Tier 2 Support | D92: Mahnoor Aslam | E92: Karachi | F92: PHONE | G92: Delivery Delay | H92: Medium | I92: 24 | J92: Resolved | K92: 21/03/2026 06:31 | L92: No | M92: 5 | N92: Customer requested refund
A93: TCK-20128 | B93: 06/03/2026 16:51 | C93: Tier 2 Support | D93: Mahnoor Aslam | E93: Lahore | F93: email | G93: refund request | H93: Low | I93: 48 | J93: Closed | K93: 12/03/2026 09:24 | L93: No | M93: 4 | N93: Required follow-up call
A94: TCK-20760 | B94: 27/05/2026 02:38 | C94: Billing Support | D94: Rehan Qureshi | E94: Multan | F94: phone | G94: General Inquiry | H94: High | I94: 8 | J94: Resolved | K94: 27/05/2026 05:29 | L94: No | M94: 3 | N94: Required follow-up call
A95: TCK-21030 | B95: 09/06/2026 16:14 | C95: Tier 1 Support | D95: Ayaan Khalid | E95: Karachi | F95: portal | G95: General Inquiry | H95: High | I95: 8 | J95: Resolvd | K95: 09/06/2026 23:09 | L95: No | M95: 4 | N95: Required follow-up call
A96: TCK-21746 | B96: 13/02/2026 10:07 | C96: Billing Support | D96: Sadia Anwar | E96: Peshawar | F96: PHONE | G96: General Inquiry | H96: High | I96: 8 | J96: closed | K96: 13/02/2026 13:50 | L96: No | M96: 2 | N96: Customer satisfied with resolution
A97: TCK-21513 | B97: 15/02/2026 17:50 | C97: Billing Support | D97: Sadia Anwar | E97: Rawalpindi | F97: Portal | G97: billing issue | H97: Medium | I97: 24 | J97: Resolved | K97: 17/02/2026 06:58 | L97: No
A98: TCK-20261 | B98: 22/01/2026 15:49 | C98: Billing Support | D98: Rehan Qureshi | E98: Karachi | F98: chat | G98: delivery delay | H98: Medium | I98: 24 | J98: Resolvd | L98: No | N98: Escalated to senior agent
A99: TCK-21176 | B99: 13/08/2026 01:03 | C99: Tier 1 Support | D99: Zara Hussain | E99: Rawalpindi | F99: email | G99: technical issue | H99: Low | I99: 48 | J99: Escalated | L99: Yes
A100: TCK-21999 | B100: 12/06/2026 22:21 | C100: Tier 2 Support | D100: Bilal Chaudhry | E100: Multan | F100: email | G100: technical issue | H100: High | I100: 8 | J100: Closed | K100: 13/06/2026 17:34 | L100: No | M100: 2
...

Sheet PT_ByTeam
A3: Row Labels | B3: Count of Ticket_ID | C3: Average of Resolution_Hours
A4: Billing Support | B4: 787 | C4: 20.886456
A5: Technical Support | B5: 802 | C5: 21.391651
A6: Tier 1 Support | B6: 799 | C6: 21.537091
A7: Tier 2 Support | B7: 812 | C7: 20.598576
A8: Grand Total | B8: 3200 | C8: 21.097292

Sheet PT_ByAgent
A3: Count of Ticket_ID | B3: Column Labels
B4: Closed | C4: Closed Total | D4: Escalated | E4: Escalated Total | F4: In Progress | G4: In Progress Total | H4: Open | I4: Open Total | J4: Re-Opened | K4: Re-Opened Total | L4: Resolved | N4: Resolved Total | O4: Grand Total
A5: Row Labels | B5: N/A | D5: N/A | F5: N/A | H5: N/A | J5: N/A | L5: No | M5: Yes
A6: Ayaan Khalid | B6: 93 | C6: 93 | D6: 54 | E6: 54 | F6: 39 | G6: 39 | H6: 33 | I6: 33 | J6: 12 | K6: 12 | L6: 42 | M6: 110 | N6: 152 | O6: 383
A7: Bilal Chaudhry | B7: 93 | C7: 93 | D7: 42 | E7: 42 | F7: 40 | G7: 40 | H7: 27 | I7: 27 | J7: 27 | K7: 27 | L7: 43 | M7: 138 | N7: 181 | O7: 410
A8: Iqra Basit | B8: 105 | C8: 105 | D8: 44 | E8: 44 | F8: 57 | G8: 57 | H8: 30 | I8: 30 | J8: 22 | K8: 22 | L8: 41 | M8: 116 | N8: 157 | O8: 415
A9: Mahnoor Aslam | B9: 101 | C9: 101 | D9: 50 | E9: 50 | F9: 37 | G9: 37 | H9: 42 | I9: 42 | J9: 12 | K9: 12 | L9: 36 | M9: 124 | N9: 160 | O9: 402
A10: Rehan Qureshi | B10: 89 | C10: 89 | D10: 36 | E10: 36 | F10: 40 | G10: 40 | H10: 35 | I10: 35 | J10: 15 | K10: 15 | L10: 37 | M10: 127 | N10: 164 | O10: 379
A11: Sadia Anwar | B11: 102 | C11: 102 | D11: 45 | E11: 45 | F11: 40 | G11: 40 | H11: 42 | I11: 42 | J11: 22 | K11: 22 | L11: 47 | M11: 110 | N11: 157 | O11: 408
A12: Talha Nadeem | B12: 101 | C12: 101 | D12: 43 | E12: 43 | F12: 44 | G12: 44 | H12: 40 | I12: 40 | J12: 20 | K12: 20 | L12: 36 | M12: 103 | N12: 139 | O12: 387
A13: Zara Hussain | B13: 100 | C13: 100 | D13: 42 | E13: 42 | F13: 54 | G13: 54 | H13: 27 | I13: 27 | J13: 29 | K13: 29 | L13: 55 | M13: 109 | N13: 164 | O13: 416
A14: Grand Total | B14: 784 | C14: 784 | D14: 356 | E14: 356 | F14: 351 | G14: 351 | H14: 276 | I14: 276 | J14: 159 | K14: 159 | L14: 337 | M14: 937 | N14: 1274 | O14: 3200

Sheet PT_ByCity
A3: Row Labels | B3: Count of Ticket_ID
A4: Faisalabad | B4: 422
A5: Islamabad | B5: 466
A6: Karachi | B6: 460
A7: Lahore | B7: 462
A8: Multan | B8: 444
A9: Not Specified | B9: 4
A10: Peshawar | B10: 492
A11: Rawalpindi | B11: 450
A12: Grand Total | B12: 3200

Sheet PT_ByChannel
A3: Row Labels | B3: Count of Ticket_ID
A4: Chat | B4: 798
A5: Email | B5: 815
A6: Phone | B6: 754
A7: Portal | B7: 833
A8: Grand Total | B8: 3200

Sheet PT_ByCategory
A3: Row Labels | B3: Count of Ticket_ID
A4: Account Access | B4: 539
A5: Billing Issue | B5: 508
A6: Delivery Delay | B6: 515
A7: General Inquiry | B7: 542
A8: Refund Request | B8: 563
A9: Technical Issue | B9: 533
A10: Grand Total | B10: 3200

Sheet PT_ByPriority
A3: Row Labels | B3: Count of Ticket_ID | C3: Average of Resolution_Hours
A4: Critical | B4: 297 | C4: 3.4339226
A5: High | B5: 756 | C5: 6.4549595
A6: Low | B6: 991 | C6: 40.005965
A7: Medium | B7: 1156 | C7: 19.44217
A8: Grand Total | B8: 3200 | C8: 21.097292

Sheet PT_CategoryPriority
A3: Count of Ticket_ID | B3: Column Labels
A4: Row Labels | B4: N/A | C4: No | D4: Yes | E4: Grand Total
A5: Account Access | B5: 350 | C5: 54 | D5: 135 | E5: 539
A6: Critical | B6: 25 | C6: 4 | D6: 10 | E6: 39
A7: High | B7: 86 | C7: 18 | D7: 33 | E7: 137
A8: Low | B8: 114 | C8: 12 | D8: 42 | E8: 168
A9: Medium | B9: 125 | C9: 20 | D9: 50 | E9: 195
A10: Billing Issue | B10: 303 | C10: 57 | D10: 148 | E10: 508
A11: Critical | B11: 30 | C11: 8 | D11: 20 | E11: 58
A12: High | B12: 74 | C12: 10 | D12: 34 | E12: 118
A13: Low | B13: 104 | C13: 16 | D13: 38 | E13: 158
A14: Medium | B14: 95 | C14: 23 | D14: 56 | E14: 174
A15: Delivery Delay | B15: 328 | C15: 41 | D15: 146 | E15: 515
A16: Critical | B16: 28 | C16: 5 | D16: 13 | E16: 46
... A35: Grand Total | B35: 1926 | C35: 337 | D35: 937 | E35: 3200

Sheet Working_Data
A1: Ticket_ID | B1: Date_Opened | C1: Team | D1: Agent_Assigned | E1: City | F1: Channel | G1: Category | H1: Priority | I1: SLA_Target_Hours | J1: Status | K1: Date_Resolved | L1: Escalated | M1: CSAT_Score | N1: Notes | O1: Resolution_Hours | P1: Met_SLA
A2: TCK-21324 | B2: 46214.856 | C2: Billing Support | D2: Rehan Qureshi | E2: Lahore | F2: Email | G2: General Inquiry | H2: Medium | I2: 24 | J2: Resolved | K2: 46214.889 | L2: No | N2: Required Follow-Up Call | O2: =IF(K2="","",IF(K2="Missing Resolve Date","",(K2-B2)*24)) -> 0.78333333 | P2: =IF(J2="Resolved",IF(O2<=I2,"Yes","No"),"N/A") -> Yes
A3: TCK-20385 | B3: 46128.635 | C3: Tier 1 Support | D3: Zara Hussain | E3: Lahore | F3: Email | G3: Technical Issue | H3: Low | I3: 48 | J3: Open | K3: Missing Resolve Date | L3: No | N3: Escalated To Senior Agent | O3: =IF(K3="","",IF(K3="Missing Resolve Date","",(K3-B3)*24)) | P3: =IF(J3="Resolved",IF(O3<=I3,"Yes","No"),"N/A") -> N/A
A4: TCK-21872 | B4: 46132.453 | C4: Tier 1 Support | D4: Zara Hussain | E4: Karachi | F4: Chat | G4: Billing Issue | H4: Medium | I4: 24 | J4: Resolved | K4: 46132.772 | L4: No | M4: 4 | N4: Resolved On First Contact | O4: =IF(K4="","",IF(K4="Missing Resolve Date","",(K4-B4)*24)) -> 7.65 | P4: =IF(J4="Resolved",IF(O4<=I4,"Yes","No"),"N/A") -> Yes
A5: TCK-20146 | B5: 46184.797 | C5: Tier 1 Support | D5: Zara Hussain | E5: Peshawar | F5: Portal | G5: Billing Issue | H5: Low | I5: 48 | J5: Closed | K5: 46185.934 | L5: No | M5: 3 | N5: Technical Issue Resolved Remotely | O5: =IF(K5="","",IF(K5="Missing Resolve Date","",(K5-B5)*24)) -> 27.283333 | P5: =IF(J5="Resolved",IF(O5<=I5,"Yes","No"),"N/A") -> N/A
A6: TCK-21894 | B6: 46191.96 | C6: Tier 2 Support | D6: Mahnoor Aslam | E6: Lahore | F6: Portal | G6: Billing Issue | H6: Low | I6: 48 | J6: Re-Opened | K6: 46197.91 | L6: No | N6: Customer Satisfied With Resolution | O6: =IF(K6="","",IF(K6="Missing Resolve Date","",(K6-B6)*24)) -> 142.81667 | P6: =IF(J6="Resolved",IF(O6<=I6,"Yes","No"),"N/A") -> N/A
A7: TCK-21895 | B7: 46155.528 | C7: Tier 2 Support | D7: Bilal Chaudhry | E7: Karachi | F7: Chat | G7: Billing Issue | H7: Medium | I7: 24 | J7: Resolved | K7: 46157.227 | L7: No | N7: Repeat Issue From Same Customer | O7: =IF(K7="","",IF(K7="Missing Resolve Date","",(K7-B7)*24)) -> 40.766667 | P7: =IF(J7="Resolved",IF(O7<=I7,"Yes","No"),"N/A") -> No
A8: TCK-20861 | B8: 46166.165 | C8: Technical Support | D8: Iqra Basit | E8: Lahore | F8: Phone | G8: Technical Issue | H8: Medium | I8: 24 | J8: Resolved | K8: 46167.383 | L8: No | N8: Required Follow-Up Call | O8: =IF(K8="","",IF(K8="Missing Resolve Date","",(K8-B8)*24)) -> 29.25 | P8: =IF(J8="Resolved",IF(O8<=I8,"Yes","No"),"N/A") -> No
A9: TCK-22644 | B9: 46099.98 | C9: Technical Support | D9: Iqra Basit | E9: Karachi | F9: Portal | G9: General Inquiry | H9: High | I9: 8 | J9: Closed | K9: 46100.133 | L9: No | N9: Technical Issue Resolved Remotely | O9: =IF(K9="","",IF(K9="Missing Resolve Date","",(K9-B9)*24)) -> 3.6666667 | P9: =IF(J9="Resolved",IF(O9<=I9,"Yes","No"),"N/A") -> N/A
A10: TCK-23174 | B10: 46061.403 | C10: Tier 2 Support | D10: Bilal Chaudhry | E10: Islamabad | F10: Phone | G10: Technical Issue | H10: Critical | I10: 4 | J10: Closed | K10: 46061.54 | L10: No | M10: 5 | N10: Customer Satisfied With Resolution | O10: =IF(K10="","",IF(K10="Missing Resolve Date","",(K10-B10)*24)) -> 3.3 | P10: =IF(J10="Resolved",IF(O10<=I10,"Yes","No"),"N/A") -> N/A
A11: TCK-22892 | B11: 46159.424 | C11: Billing Support | D11: Sadia Anwar | E11: Faisalabad | F11: Phone | G11: Technical Issue | H11: High | I11: 8 | J11: Resolved | K11: 46159.702 | L11: No | N11: Not Specified | O11: =IF(K11="","",IF(K11="Missing Resolve Date","",(K11-B11)*24)) -> 6.6666667 | P11: =IF(J11="Resolved",IF(O11<=I11,"Yes","No"),"N/A") -> Yes
A12: TCK-22430 | B12: 46176.726 | C12: Technical Support | D12: Talha Nadeem | E12: Multan | F12: Portal | G12: Account Access | H12: Low | I12: 48 | J12: Escalated | K12: Missing Resolve Date | L12: Yes | N12: Not Specified | O12: =IF(K12="","",IF(K12="Missing Resolve Date","",(K12-B12)*24)) | P12: =IF(J12="Resolved",IF(O12<=I12,"Yes","No"),"N/A") -> N/A
A13: TCK-22748 | B13: 46080.803 | C13: Technical Support | D13: Talha Nadeem | E13: Peshawar | F13: Chat | G13: Delivery Delay | H13: Low | I13: 48 | J13: Escalated | K13: Missing Resolve Date | L13: Yes | N13: Repeat Issue From Same Customer | O13: =IF(K13="","",IF(K13="Missing Resolve Date","",(K13-B13)*24)) | P13: =IF(J13="Resolved",IF(O13<=I13,"Yes","No"),"N/A") -> N/A
A14: TCK-21997 | B14: 46029.722 | C14: Tier 1 Support | D14: Ayaan Khalid | E14: Karachi | F14: Chat | G14: Delivery Delay | H14: Critical | I14: 4 | J14: Resolved | K14: 46029.791 | L14: No | N14: Not Specified | O14: =IF(K14="","",IF(K14="Missing Resolve Date","",(K14-B14)*24)) -> 1.65 | P14: =IF(J14="Resolved",IF(O14<=I14,"Yes","No"),"N/A") -> Yes
A15: TCK-21076 | B15: 46063.943 | C15: Billing Support | D15: Sadia Anwar | E15: Multan | F15: Portal | G15: General Inquiry | H15: Medium | I15: 24 | J15: Resolved | K15: 46064.087 | L15: No | M15: 4 | N15: Technical Issue Resolved Remotely | O15: =IF(K15="","",IF(K15="Missing Resolve Date","",(K15-B15)*24)) -> 3.45 | P15: =IF(J15="Resolved",IF(O15<=I15,"Yes","No"),"N/A") -> Yes
A16: TCK-21836 | B16: 46201.657 | C16: Billing Support | D16: Sadia Anwar | E16: Multan | F16: Email | G16: Refund Request | H16: Low | I16: 48 | J16: Open | K16: Missing Resolve Date | L16: No | N16: Repeat Issue From Same Customer | O16: =IF(K16="","",IF(K16="Missing Resolve Date","",(K16-B16)*24)) | P16: =IF(J16="Resolved",IF(O16<=I16,"Yes","No"),"N/A") -> N/A
A17: TCK-20694 | B17: 46123.694 | C17: Tier 2 Support | D17: Mahnoor Aslam | E17: Lahore | F17: Phone | G17: General Inquiry | H17: Critical | I17: 4 | J17: Resolved | K17: 46123.717 | L17: No | M17: 5 | N17: Resolved On First Contact | O17: =IF(K17="","",IF(K17="Missing Resolve Date","",(K17-B17)*24)) -> 0.56666667 | P17: =IF(J17="Resolved",IF(O17<=I17,"Yes","No"),"N/A") -> Yes
A18: TCK-21727 | B18: 46193.1 | C18: Tier 1 Support | D18: Ayaan Khalid | E18: Multan | F18: Chat | G18: Billing Issue | H18: Critical | I18: 4 | J18: In Progress | K18: Missing Resolve Date | L18: No | N18: Awaiting Customer Response | O18: =IF(K18="","",IF(K18="Missing Resolve Date","",(K18-B18)*24)) | P18: =IF(J18="Resolved",IF(O18<=I18,"Yes","No"),"N/A") -> N/A
A19: TCK-22363 | B19: 46212.503 | C19: Billing Support | D19: Sadia Anwar | E19: Karachi | F19: Email | G19: Refund Request | H19: Medium | I19: 24 | J19: Resolved | K19: 46212.547 | L19: No | N19: Customer Satisfied With Resolution | O19: =IF(K19="","",IF(K19="Missing Resolve Date","",(K19-B19)*24)) -> 1.05 | P19: =IF(J19="Resolved",IF(O19<=I19,"Yes","No"),"N/A") -> Yes
A20: TCK-21516 | B20: 46107.605 | C20: Technical Support | D20: Iqra Basit | E20: Faisalabad | F20: Phone | G20: Delivery Delay | H20: Low | I20: 48 | J20: Closed | K20: 46108.363 | L20: No | M20: 4 | N20: Customer Requested Refund | O20: =IF(K20="","",IF(K20="Missing Resolve Date","",(K20-B20)*24)) -> 18.183333 | P20: =IF(J20="Resolved",IF(O20<=I20,"Yes","No"),"N/A") -> N/A
A21: TCK-21810 | B21: 46184.324 | C21: Tier 1 Support | D21: Zara Hussain | E21: Peshawar | F21: Portal | G21: Delivery Delay | H21: Medium | I21: 24 | J21: Resolved | K21: 46186.378 | L21: No | M21: 3 | N21: Customer Requested Refund | O21: =IF(K21="","",IF(K21="Missing Resolve Date","",(K21-B21)*24)) -> 49.3 | P21: =IF(J21="Resolved",IF(O21<=I21,"Yes","No"),"N/A") -> No
A22: TCK-20701 | B22: 46041.429 | C22: Tier 1 Support | D22: Zara Hussain | E22: Islamabad | F22: Phone | G22: Billing Issue | H22: Low | I22: 48 | J22: Closed | K22: 46044.406 | L22: No | N22: Repeat Issue From Same Customer | O22: =IF(K22="","",IF(K22="Missing Resolve Date","",(K22-B22)*24)) -> 71.433333 | P22: =IF(J22="Resolved",IF(O22<=I22,"Yes","No"),"N/A") -> N/A
A23: TCK-21274 | B23: 46206.679 | C23: Technical Support | D23: Iqra Basit | E23: Islamabad | F23: Portal | G23: Account Access | H23: Medium | I23: 24 | J23: Closed | K23: 46206.972 | L23: No | M23: 4 | N23: Required Follow-Up Call | O23: =IF(K23="","",IF(K23="Missing Resolve Date","",(K23-B23)*24)) -> 7.0333333 | P23: =IF(J23="Resolved",IF(O23<=I23,"Yes","No"),"N/A") -> N/A
A24: TCK-21771 | B24: 46192.282 | C24: Billing Support | D24: Sadia Anwar | E24: Karachi | F24: Email | G24: Technical Issue | H24: Low | I24: 48 | J24: Open | K24: Missing Resolve Date | L24: No | N24: Awaiting Customer Response | O24: =IF(K24="","",IF(K24="Missing Resolve Date","",(K24-B24)*24)) | P24: =IF(J24="Resolved",IF(O24<=I24,"Yes","No"),"N/A") -> N/A
A25: TCK-20578 | B25: 46122.876 | C25: Billing Support | D25: Rehan Qureshi | E25: Rawalpindi | F25: Chat | G25: Account Access | H25: Medium | I25: 24 | J25: In Progress | K25: Missing Resolve Date | L25: No | N25: Awaiting Customer Response | O25: =IF(K25="","",IF(K25="Missing Resolve Date","",(K25-B25)*24)) | P25: =IF(J25="Resolved",IF(O25<=I25,"Yes","No"),"N/A") -> N/A
A26: TCK-21957 | B26: 46186.436 | C26: Tier 1 Support | D26: Ayaan Khalid | E26: Karachi | F26: Portal | G26: Delivery Delay | H26: High | I26: 8 | J26: Resolved | K26: 46186.558 | L26: No | N26: Customer Satisfied With Resolution | O26: =IF(K26="","",IF(K26="Missing Resolve Date","",(K26-B26)*24)) -> 2.9333333 | P26: =IF(J26="Resolved",IF(O26<=I26,"Yes","No"),"N/A") -> Yes
A27: TCK-23150 | B27: 46263.694 | C27: Tier 1 Support | D27: Zara Hussain | E27: Rawalpindi | F27: Email | G27: Refund Request | H27: Medium | I27: 24 | J27: In Progress | K27: Missing Resolve Date | L27: No | N27: Customer Requested Refund | O27: =IF(K27="","",IF(K27="Missing Resolve Date","",(K27-B27)*24)) | P27: =IF(J27="Resolved",IF(O27<=I27,"Yes","No"),"N/A") -> N/A
A28: TCK-21907 | B28: 46248.84 | C28: Technical Support | D28: Talha Nadeem | E28: Islamabad | F28: Email | G28: Refund Request | H28: Medium | I28: 24 | J28: Closed | K28: 46249.722 | L28: No | M28: 2 | N28: Not Specified | O28: =IF(K28="","",IF(K28="Missing Resolve Date","",(K28-B28)*24)) -> 21.166667 | P28: =IF(J28="Resolved",IF(O28<=I28,"Yes","No"),"N/A") -> N/A
A29: TCK-20794 | B29: 46154.845 | C29: Tier 2 Support | D29: Mahnoor Aslam | E29: Faisalabad | F29: Portal | G29: General Inquiry | H29: Medium | I29: 24 | J29: Open | K29: Missing Resolve Date | L29: No | N29: Repeat Issue From Same Customer | O29: =IF(K29="","",IF(K29="Missing Resolve Date","",(K29-B29)*24)) | P29: =IF(J29="Resolved",IF(O29<=I29,"Yes","No"),"N/A") -> N/A
A30: TCK-20075 | B30: 46264.651 | C30: Tier 2 Support | D30: Bilal Chaudhry | E30: Multan | F30: Chat | G30: Delivery Delay | H30: Medium | I30: 24 | J30: Resolved | K30: 46265.412 | L30: No | M30: 2 | N30: Not Specified | O30: =IF(K30="","",IF(K30="Missing Resolve Date","",(K30-B30)*24)) -> 18.266667 | P30: =IF(J30="Resolved",IF(O30<=I30,"Yes","No"),"N/A") -> Yes
A31: TCK-23081 | B31: 46237.201 | C31: Tier 1 Support | D31: Ayaan Khalid | E31: Rawalpindi | F31: Portal | G31: Account Access | H31: Low | I31: 48 | J31: Resolved | K31: 46237.317 | L31: Yes | M31: 2 | N31: Customer Requested Refund | O31: =IF(K31="","",IF(K31="Missing Resolve Date","",(K31-B31)*24)) -> 2.8 | P31: =IF(J31="Resolved",IF(O31<=I31,"Yes","No"),"N/A") -> Yes
A32: TCK-21231 | B32: 46258.948 | C32: Tier 2 Support | D32: Mahnoor Aslam | E32: Lahore | F32: Chat | G32: Technical Issue | H32: Low | I32: 48 | J32: Resolved | K32: 46261.25 | L32: No | M32: 3 | N32: Repeat Issue From Same Customer | O32: =IF(K32="","",IF(K32="Missing Resolve Date","",(K32-B32)*24)) -> 55.25 | P32: =IF(J32="Resolved",IF(O32<=I32,"Yes","No"),"N/A") -> No
A33: TCK-22702 | B33: 46212.304 | C33: Billing Support | D33: Sadia Anwar | E33: Peshawar | F33: Portal | G33: General Inquiry | H33: Medium | I33: 24 | J33: Closed | K33: 46212.794 | L33: No | N33: Repeat Issue From Same Customer | O33: =IF(K33="","",IF(K33="Missing Resolve Date","",(K33-B33)*24)) -> 11.75 | P33: =IF(J33="Resolved",IF(O33<=I33,"Yes","No"),"N/A") -> N/A
A34: TCK-22931 | B34: 46131.526 | C34: Tier 1 Support | D34: Zara Hussain | E34: Faisalabad | F34: Portal | G34: Refund Request | H34: Critical | I34: 4 | J34: Escalated | K34: Missing Resolve Date | L34: Yes | N34: Customer Requested Refund | O34: =IF(K34="","",IF(K34="Missing Resolve Date","",(K34-B34)*24)) | P34: =IF(J34="Resolved",IF(O34<=I34,"Yes","No"),"N/A") -> N/A
A35: TCK-21721 | B35: 46241.696 | C35: Billing Support | D35: Sadia Anwar | E35: Faisalabad | F35: Chat | G35: Billing Issue | H35: Low | I35: 48 | J35: Closed | K35: 46243.413 | L35: No | M35: 2 | N35: Technical Issue Resolved Remotely | O35: =IF(K35="","",IF(K35="Missing Resolve Date","",(K35-B35)*24)) -> 41.216667 | P35: =IF(J35="Resolved",IF(O35<=I35,"Yes","No"),"N/A") -> N/A
A36: TCK-20492 | B36: 46057.142 | C36: Billing Support | D36: Rehan Qureshi | E36: Lahore | F36: Phone | G36: Account Access | H36: Medium | I36: 24 | J36: Closed | K36: 46057.233 | L36: No | M36: 1 | N36: Customer Satisfied With Resolution | O36: =IF(K36="","",IF(K36="Missing Resolve Date","",(K36-B36)*24)) -> 2.1666667 | P36: =IF(J36="Resolved",IF(O36<=I36,"Yes","No"),"N/A") -> N/A
A37: TCK-21757 | B37: 46043.764 | C37: Tier 2 Support | D37: Bilal Chaudhry | E37: Lahore | F37: Portal | G37: Refund Request | H37: Medium | I37: 24 | J37: Closed | K37: 46043.877 | L37: No | M37: 5 | N37: Not Specified | O37: =IF(K37="","",IF(K37="Missing Resolve Date","",(K37-B37)*24)) -> 2.7166667 | P37: =IF(J37="Resolved",IF(O37<=I37,"Yes","No"),"N/A") -> N/A
A38: TCK-20017 | B38: 46059.412 | C38: Billing Support | D38: Rehan Qureshi | E38: Peshawar | F38: Email | G38: Refund Request | H38: Medium | I38: 24 | J38: Re-Opened | K38: Missing Resolve Date | L38: No | N38: Not Specified | O38: =IF(K38="","",IF(K38="Missing Resolve Date","",(K38-B38)*24)) | P38: =IF(J38="Resolved",IF(O38<=I38,"Yes","No"),"N/A") -> N/A
A39: TCK-22401 | B39: 46179.081 | C39: Billing Support | D39: Sadia Anwar | E39: Faisalabad | F39: Phone | G39: General Inquiry | H39: High | I39: 8 | J39: Closed | K39: 46179.307 | L39: No | M39: 1 | N39: Escalated To Senior Agent | O39: =IF(K39="","",IF(K39="Missing Resolve Date","",(K39-B39)*24)) -> 5.4333333 | P39: =IF(J39="Resolved",IF(O39<=I39,"Yes","No"),"N/A") -> N/A
A40: TCK-21540 | B40: 46256.64 | C40: Technical Support | D40: Iqra Basit | E40: Multan | F40: Portal | G40: Technical Issue | H40: Medium | I40: 24 | J40: Closed | K40: 46257.482 | L40: No | M40: 5 | N40: Required Follow-Up Call | O40: =IF(K40="","",IF(K40="Missing Resolve Date","",(K40-B40)*24)) -> 20.216667 | P40: =IF(J40="Resolved",IF(O40<=I40,"Yes","No"),"N/A") -> N/A
A41: TCK-22329 | B41: 46257.8 | C41: Billing Support | D41: Sadia Anwar | E41: Rawalpindi | F41: Email | G41: Technical Issue | H41: High | I41: 8 | J41: Escalated | K41: Missing Resolve Date | L41: Yes | N41: Resolved On First Contact | O41: =IF(K41="","",IF(K41="Missing Resolve Date","",(K41-B41)*24)) | P41: =IF(J41="Resolved",IF(O41<=I41,"Yes","No"),"N/A") -> N/A
A42: TCK-21158 | B42: 46195.689 | C42: Tier 1 Support | D42: Ayaan Khalid | E42: Faisalabad | F42: Phone | G42: Refund Request | H42: Medium | I42: 24 | J42: Resolved | K42: 46198.055 | L42: No | N42: Not Specified | O42: =IF(K42="","",IF(K42="Missing Resolve Date","",(K42-B42)*24)) -> 56.783333 | P42: =IF(J42="Resolved",IF(O42<=I42,"Yes","No"),"N/A") -> No
A43: TCK-21155 | B43: 46086.418 | C43: Tier 1 Support | D43: Ayaan Khalid | E43: Peshawar | F43: Phone | G43: Account Access | H43: Critical | I43: 4 | J43: Escalated | K43: Missing Resolve Date | L43: Yes | N43: Awaiting Customer Response | O43: =IF(K43="","",IF(K43="Missing Resolve Date","",(K43-B43)*24)) | P43: =IF(J43="Resolved",IF(O43<=I43,"Yes","No"),"N/A") -> N/A
A44: TCK-22992 | B44: 46164.656 | C44: Tier 1 Support | D44: Ayaan Khalid | E44: Peshawar | F44: Chat | G44: Billing Issue | H44: Medium | I44: 24 | J44: Closed | K44: 46165.455 | L44: No | M44: 3 | N44: Resolved On First Contact | O44: =IF(K44="","",IF(K44="Missing Resolve Date","",(K44-B44)*24)) -> 19.166667 | P44: =IF(J44="Resolved",IF(O44<=I44,"Yes","No"),"N/A") -> N/A
A45: TCK-22650 | B45: 46149.226 | C45: Tier 1 Support | D45: Zara Hussain | E45: Karachi | F45: Phone | G45: General Inquiry | H45: Medium | I45: 24 | J45: Closed | K45: 46149.499 | L45: No | M45: 4 | N45: Customer Requested Refund | O45: =IF(K45="","",IF(K45="Missing Resolve Date","",(K45-B45)*24)) -> 6.5666667 | P45: =IF(J45="Resolved",IF(O45<=I45,"Yes","No"),"N/A") -> N/A
A46: TCK-20156 | B46: 46045.499 | C46: Tier 2 Support | D46: Bilal Chaudhry | E46: Multan | F46: Phone | G46: Technical Issue | H46: Low | I46: 48 | J46: Closed | K46: Missing Resolve Date | L46: No | M46: 4 | N46: Repeat Issue From Same Customer | O46: =IF(K46="","",IF(K46="Missing Resolve Date","",(K46-B46)*24)) | P46: =IF(J46="Resolved",IF(O46<=I46,"Yes","No"),"N/A") -> N/A
A47: TCK-20299 | B47: 46099.616 | C47: Billing Support | D47: Sadia Anwar | E47: Multan | F47: Phone | G47: Delivery Delay | H47: Low | I47: 48 | J47: Resolved | K47: 46100.452 | L47: No | N47: Awaiting Customer Response | O47: =IF(K47="","",IF(K47="Missing Resolve Date","",(K47-B47)*24)) -> 20.066667 | P47: =IF(J47="Resolved",IF(O47<=I47,"Yes","No"),"N/A") -> Yes
A48: TCK-22183 | B48: 46086.276 | C48: Tier 1 Support | D48: Ayaan Khalid | E48: Faisalabad | F48: Email | G48: Technical Issue | H48: Low | I48: 48 | J48: Resolved | K48: 46087.781 | L48: No | M48: 5 | N48: Not Specified | O48: =IF(K48="","",IF(K48="Missing Resolve Date","",(K48-B48)*24)) -> 36.133333 | P48: =IF(J48="Resolved",IF(O48<=I48,"Yes","No"),"N/A") -> Yes
A49: TCK-20220 | B49: 46251.191 | C49: Tier 1 Support | D49: Zara Hussain | E49: Rawalpindi | F49: Portal | G49: Billing Issue | H49: Critical | I49: 4 | J49: Resolved | K49: 46251.276 | L49: No | N49: Required Follow-Up Call | O49: =IF(K49="","",IF(K49="Missing Resolve Date","",(K49-B49)*24)) -> 2.0333333 | P49: =IF(J49="Resolved",IF(O49<=I49,"Yes","No"),"N/A") -> Yes
A50: TCK-21063 | B50: 46188.681 | C50: Tier 2 Support | D50: Mahnoor Aslam | E50: Karachi | F50: Email | G50: Account Access | H50: Medium | I50: 24 | J50: Resolved | K50: 46189.103 | L50: No | M50: 3 | N50: Required Follow-Up Call | O50: =IF(K50="","",IF(K50="Missing Resolve Date","",(K50-B50)*24)) -> 10.133333 | P50: =IF(J50="Resolved",IF(O50<=I50,"Yes","No"),"N/A") -> Yes
A51: TCK-20730 | B51: 46153.761 | C51: Billing Support | D51: Rehan Qureshi | E51: Rawalpindi | F51: Email | G51: Refund Request | H51: Low | I51: 48 | J51: In Progress | K51: Missing Resolve Date | L51: No | N51: Customer Satisfied With Resolution | O51: =IF(K51="","",IF(K51="Missing Resolve Date","",(K51-B51)*24)) | P51: =IF(J51="Resolved",IF(O51<=I51,"Yes","No"),"N/A") -> N/A
A52: TCK-20666 | B52: 46199.117 | C52: Tier 1 Support | D52: Zara Hussain | E52: Peshawar | F52: Email | G52: Account Access | H52: Medium | I52: 24 | J52: Escalated | K52: Missing Resolve Date | L52: Yes | N52: Resolved On First Contact | O52: =IF(K52="","",IF(K52="Missing Resolve Date","",(K52-B52)*24)) | P52: =IF(J52="Resolved",IF(O52<=I52,"Yes","No"),"N/A") -> N/A
A53: TCK-22108 | B53: 46248.718 | C53: Technical Support | D53: Talha Nadeem | E53: Islamabad | F53: Chat | G53: Billing Issue | H53: Low | I53: 48 | J53: Resolved | K53: 46254.492 | L53: No | M53: 3 | N53: Customer Satisfied With Resolution | O53: =IF(K53="","",IF(K53="Missing Resolve Date","",(K53-B53)*24)) -> 138.56667 | P53: =IF(J53="Resolved",IF(O53<=I53,"Yes","No"),"N/A") -> No
A54: TCK-21363 | B54: 46255.83 | C54: Technical Support | D54: Iqra Basit | E54: Rawalpindi | F54: Portal | G54: Delivery Delay | H54: Medium | I54: 24 | J54: Escalated | K54: Missing Resolve Date | L54: Yes | N54: Awaiting Customer Response | O54: =IF(K54="","",IF(K54="Missing Resolve Date","",(K54-B54)*24)) | P54: =IF(J54="Resolved",IF(O54<=I54,"Yes","No"),"N/A") -> N/A
A55: TCK-20259 | B55: 46132.755 | C55: Billing Support | D55: Sadia Anwar | E55: Faisalabad | F55: Portal | G55: Billing Issue | H55: Medium | I55: 24 | J55: Resolved | K55: 46133.253 | L55: No | M55: 5 | N55: Customer Requested Refund | O55: =IF(K55="","",IF(K55="Missing Resolve Date","",(K55-B55)*24)) -> 11.95 | P55: =IF(J55="Resolved",IF(O55<=I55,"Yes","No"),"N/A") -> Yes
A56: TCK-22524 | B56: 46129.221 | C56: Tier 1 Support | D56: Zara Hussain | E56: Lahore | F56: Portal | G56: General Inquiry | H56: Low | I56: 48 | J56: Resolved | K56: 46134.865 | L56: Yes | M56: 5 | N56: Required Follow-Up Call | O56: =IF(K56="","",IF(K56="Missing Resolve Date","",(K56-B56)*24)) -> 135.45 | P56: =IF(J56="Resolved",IF(O56<=I56,"Yes","No"),"N/A") -> No
A57: TCK-21355 | B57: 46159.176 | C57: Tier 1 Support | D57: Ayaan Khalid | E57: Lahore | F57: Email | G57: Refund Request | H57: Medium | I57: 24 | J57: Closed | K57: 46159.846 | L57: No | M57: 3 | N57: Required Follow-Up Call | O57: =IF(K57="","",IF(K57="Missing Resolve Date","",(K57-B57)*24)) -> 16.066667 | P57: =IF(J57="Resolved",IF(O57<=I57,"Yes","No"),"N/A") -> N/A
A58: TCK-20032 | B58: 46201.981 | C58: Tier 2 Support | D58: Mahnoor Aslam | E58: Faisalabad | F58: Portal | G58: Technical Issue | H58: Medium | I58: 24 | J58: Closed | K58: 46202.287 | L58: Yes | N58: Repeat Issue From Same Customer | O58: =IF(K58="","",IF(K58="Missing Resolve Date","",(K58-B58)*24)) -> 7.35 | P58: =IF(J58="Resolved",IF(O58<=I58,"Yes","No"),"N/A") -> N/A
A59: TCK-20258 | B59: 46220.561 | C59: Billing Support | D59: Sadia Anwar | E59: Faisalabad | F59: Chat | G59: Account Access | H59: Medium | I59: 24 | J59: Resolved | K59: 46222.341 | L59: No | M59: 4 | N59: Awaiting Customer Response | O59: =IF(K59="","",IF(K59="Missing Resolve Date","",(K59-B59)*24)) -> 42.716667 | P59: =IF(J59="Resolved",IF(O59<=I59,"Yes","No"),"N/A") -> No
A60: TCK-21589 | B60: 46099.565 | C60: Tier 1 Support | D60: Zara Hussain | E60: Faisalabad | F60: Chat | G60: General Inquiry | H60: High | I60: 8 | J60: Resolved | K60: 46100.403 | L60: No | M60: 3 | N60: Customer Satisfied With Resolution | O60: =IF(K60="","",IF(K60="Missing Resolve Date","",(K60-B60)*24)) -> 20.116667 | P60: =IF(J60="Resolved",IF(O60<=I60,"Yes","No"),"N/A") -> No
A61: TCK-22688 | B61: 46047.334 | C61: Tier 2 Support | D61: Mahnoor Aslam | E61: Islamabad | F61: Chat | G61: Delivery Delay | H61: Low | I61: 48 | J61: Resolved | K61: 46049.124 | L61: No | M61: 3 | N61: Not Specified | O61: =IF(K61="","",IF(K61="Missing Resolve Date","",(K61-B61)*24)) -> 42.95 | P61: =IF(J61="Resolved",IF(O61<=I61,"Yes","No"),"N/A") -> Yes
A62: TCK-21585 | B62: 46154.567 | C62: Tier 1 Support | D62: Zara Hussain | E62: Peshawar | F62: Email | G62: General Inquiry | H62: Medium | I62: 24 | J62: Resolved | K62: 46154.866 | L62: No | N62: Required Follow-Up Call | O62: =IF(K62="","",IF(K62="Missing Resolve Date","",(K62-B62)*24)) -> 7.1666667 | P62: =IF(J62="Resolved",IF(O62<=I62,"Yes","No"),"N/A") -> Yes
A63: TCK-21915 | B63: 46228.011 | C63: Billing Support | D63: Sadia Anwar | E63: Faisalabad | F63: Chat | G63: Technical Issue | H63: Medium | I63: 24 | J63: Open | K63: Missing Resolve Date | L63: No | N63: Awaiting Customer Response | O63: =IF(K63="","",IF(K63="Missing Resolve Date","",(K63-B63)*24)) | P63: =IF(J63="Resolved",IF(O63<=I63,"Yes","No"),"N/A") -> N/A
A64: TCK-22801 | B64: 46040.728 | C64: Tier 1 Support | D64: Zara Hussain | E64: Islamabad | F64: Email | G64: General Inquiry | H64: Medium | I64: 24 | J64: Resolved | K64: 46041.956 | L64: No | M64: 1 | N64: Not Specified | O64: =IF(K64="","",IF(K64="Missing Resolve Date","",(K64-B64)*24)) -> 29.466667 | P64: =IF(J64="Resolved",IF(O64<=I64,"Yes","No"),"N/A") -> No
A65: TCK-20702 | B65: 46059.113 | C65: Technical Support | D65: Iqra Basit | E65: Islamabad | F65: Phone | G65: Account Access | H65: High | I65: 8 | J65: Resolved | K65: 46059.809 | L65: No | N65: Escalated To Senior Agent | O65: =IF(K65="","",IF(K65="Missing Resolve Date","",(K65-B65)*24)) -> 16.716667 | P65: =IF(J65="Resolved",IF(O65<=I65,"Yes","No"),"N/A") -> No
A66: TCK-21904 | B66: 46044.872 | C66: Billing Support | D66: Sadia Anwar | E66: Multan | F66: Phone | G66: Delivery Delay | H66: High | I66: 8 | J66: Resolved | K66: 46045.267 | L66: No | M66: 4 | N66: Customer Requested Refund | O66: =IF(K66="","",IF(K66="Missing Resolve Date","",(K66-B66)*24)) -> 9.5 | P66: =IF(J66="Resolved",IF(O66<=I66,"Yes","No"),"N/A") -> No
A67: TCK-21243 | B67: 46051.393 | C67: Billing Support | D67: Sadia Anwar | E67: Multan | F67: Email | G67: General Inquiry | H67: Low | I67: 48 | J67: Closed | K67: 46053.15 | L67: No | N67: Escalated To Senior Agent | O67: =IF(K67="","",IF(K67="Missing Resolve Date","",(K67-B67)*24)) -> 42.166667 | P67: =IF(J67="Resolved",IF(O67<=I67,"Yes","No"),"N/A") -> N/A
A68: TCK-21663 | B68: 46082.465 | C68: Tier 2 Support | D68: Bilal Chaudhry | E68: Multan | F68: Email | G68: Technical Issue | H68: Medium | I68: 24 | J68: Closed | K68: 46082.905 | L68: No | M68: 2 | N68: Not Specified | O68: =IF(K68="","",IF(K68="Missing Resolve Date","",(K68-B68)*24)) -> 10.55 | P68: =IF(J68="Resolved",IF(O68<=I68,"Yes","No"),"N/A") -> N/A
A69: TCK-21581 | B69: 46238.231 | C69: Tier 1 Support | D69: Zara Hussain | E69: Multan | F69: Chat | G69: Delivery Delay | H69: High | I69: 8 | J69: In Progress | K69: Missing Resolve Date | L69: No | N69: Awaiting Customer Response | O69: =IF(K69="","",IF(K69="Missing Resolve Date","",(K69-B69)*24)) | P69: =IF(J69="Resolved",IF(O69<=I69,"Yes","No"),"N/A") -> N/A
A70: TCK-20188 | B70: 46179.614 | C70: Technical Support | D70: Iqra Basit | E70: Rawalpindi | F70: Email | G70: Technical Issue | H70: Medium | I70: 24 | J70: Resolved | K70: 46179.769 | L70: No | M70: 4 | N70: Escalated To Senior Agent | O70: =IF(K70="","",IF(K70="Missing Resolve Date","",(K70-B70)*24)) -> 3.7166667 | P70: =IF(J70="Resolved",IF(O70<=I70,"Yes","No"),"N/A") -> Yes
A71: TCK-20601 | B71: 46044.104 | C71: Technical Support | D71: Talha Nadeem | E71: Multan | F71: Chat | G71: Delivery Delay | H71: Critical | I71: 4 | J71: Open | K71: Missing Resolve Date | L71: No | N71: Customer Satisfied With Resolution | O71: =IF(K71="","",IF(K71="Missing Resolve Date","",(K71-B71)*24)) | P71: =IF(J71="Resolved",IF(O71<=I71,"Yes","No"),"N/A") -> N/A
A72: TCK-21846 | B72: 46039.156 | C72: Tier 2 Support | D72: Mahnoor Aslam | E72: Faisalabad | F72: Email | G72: Technical Issue | H72: Low | I72: 48 | J72: Escalated | K72: Missing Resolve Date | L72: Yes | N72: Not Specified | O72: =IF(K72="","",IF(K72="Missing Resolve Date","",(K72-B72)*24)) | P72: =IF(J72="Resolved",IF(O72<=I72,"Yes","No"),"N/A") -> N/A
A73: TCK-21269 | B73: 46144.66 | C73: Tier 2 Support | D73: Mahnoor Aslam | E73: Lahore | F73: Chat | G73: Delivery Delay | H73: Medium | I73: 24 | J73: Resolved | K73: 46147.581 | L73: No | M73: 2 | N73: Repeat Issue From Same Customer | O73: =IF(K73="","",IF(K73="Missing Resolve Date","",(K73-B73)*24)) -> 70.1 | P73: =IF(J73="Resolved",IF(O73<=I73,"Yes","No"),"N/A") -> No
A74: TCK-21942 | B74: 46163.616 | C74: Technical Support | D74: Talha Nadeem | E74: Karachi | F74: Email | G74: General Inquiry | H74: Critical | I74: 4 | J74: Resolved | K74: Missing Resolve Date | L74: No | M74: 1 | N74: Escalated To Senior Agent | O74: =IF(K74="","",IF(K74="Missing Resolve Date","",(K74-B74)*24)) | P74: =IF(J74="Resolved",IF(O74<=I74,"Yes","No"),"N/A") -> No
A75: TCK-20297 | B75: 46221.215 | C75: Tier 1 Support | D75: Ayaan Khalid | E75: Islamabad | F75: Chat | G75: Delivery Delay | H75: Low | I75: 48 | J75: Resolved | K75: 46222.794 | L75: No | N75: Escalated To Senior Agent | O75: =IF(K75="","",IF(K75="Missing Resolve Date","",(K75-B75)*24)) -> 37.883333 | P75: =IF(J75="Resolved",IF(O75<=I75,"Yes","No"),"N/A") -> Yes
A76: TCK-21917 | B76: 46083.928 | C76: Billing Support | D76: Rehan Qureshi | E76: Peshawar | F76: Portal | G76: Billing Issue | H76: Medium | I76: 24 | J76: Closed | K76: 46086.094 | L76: Yes | N76: Awaiting Customer Response | O76: =IF(K76="","",IF(K76="Missing Resolve Date","",(K76-B76)*24)) -> 51.966667 | P76: =IF(J76="Resolved",IF(O76<=I76,"Yes","No"),"N/A") -> N/A
A77: TCK-20028 | B77: 46166.385 | C77: Technical Support | D77: Talha Nadeem | E77: Multan | F77: Portal | G77: Billing Issue | H77: High | I77: 8 | J77: Resolved | K77: 46167.281 | L77: No | N77: Required Follow-Up Call | O77: =IF(K77="","",IF(K77="Missing Resolve Date","",(K77-B77)*24)) -> 21.516667 | P77: =IF(J77="Resolved",IF(O77<=I77,"Yes","No"),"N/A") -> No
A78: TCK-22736 | B78: 46063.47 | C78: Tier 2 Support | D78: Bilal Chaudhry | E78: Islamabad | F78: Phone | G78: General Inquiry | H78: Low | I78: 48 | J78: Resolved | K78: 46064.027 | L78: No | M78: 5 | N78: Customer Satisfied With Resolution | O78: =IF(K78="","",IF(K78="Missing Resolve Date","",(K78-B78)*24)) -> 13.366667 | P78: =IF(J78="Resolved",IF(O78<=I78,"Yes","No"),"N/A") -> Yes
A79: TCK-21972 | B79: 46215.449 | C79: Technical Support | D79: Iqra Basit | E79: Peshawar | F79: Email | G79: Account Access | H79: High | I79: 8 | J79: Closed | K79: 46215.514 | L79: No | M79: 4 | N79: Escalated To Senior Agent | O79: =IF(K79="","",IF(K79="Missing Resolve Date","",(K79-B79)*24)) -> 1.5666667 | P79: =IF(J79="Resolved",IF(O79<=I79,"Yes","No"),"N/A") -> N/A
A80: TCK-20494 | B80: 46185.049 | C80: Tier 2 Support | D80: Mahnoor Aslam | E80: Karachi | F80: Phone | G80: Delivery Delay | H80: Low | I80: 48 | J80: Escalated | K80: Missing Resolve Date | L80: Yes | N80: Not Specified | O80: =IF(K80="","",IF(K80="Missing Resolve Date","",(K80-B80)*24)) | P80: =IF(J80="Resolved",IF(O80<=I80,"Yes","No"),"N/A") -> N/A
A81: TCK-22468 | B81: 46108.81 | C81: Billing Support | D81: Rehan Qureshi | E81: Karachi | F81: Chat | G81: General Inquiry | H81: Medium | I81: 24 | J81: Resolved | K81: 46108.874 | L81: No | N81: Required Follow-Up Call | O81: =IF(K81="","",IF(K81="Missing Resolve Date","",(K81-B81)*24)) -> 1.5333333 | P81: =IF(J81="Resolved",IF(O81<=I81,"Yes","No"),"N/A") -> Yes
A82: TCK-20324 | B82: 46113.954 | C82: Tier 1 Support | D82: Zara Hussain | E82: Multan | F82: Phone | G82: Refund Request | H82: Low | I82: 48 | J82: Re-Opened | K82: 46114.401 | L82: No | N82: Escalated To Senior Agent | O82: =IF(K82="","",IF(K82="Missing Resolve Date","",(K82-B82)*24)) -> 10.733333 | P82: =IF(J82="Resolved",IF(O82<=I82,"Yes","No"),"N/A") -> N/A
A83: TCK-20960 | B83: 46262.542 | C83: Billing Support | D83: Sadia Anwar | E83: Peshawar | F83: Phone | G83: Refund Request | H83: Low | I83: 48 | J83: Closed | K83: 46264.049 | L83: No | N83: Customer Requested Refund | O83: =IF(K83="","",IF(K83="Missing Resolve Date","",(K83-B83)*24)) -> 36.166667 | P83: =IF(J83="Resolved",IF(O83<=I83,"Yes","No"),"N/A") -> N/A
A84: TCK-23051 | B84: 46260.978 | C84: Technical Support | D84: Iqra Basit | E84: Lahore | F84: Phone | G84: General Inquiry | H84: Low | I84: 48 | J84: In Progress | K84: Missing Resolve Date | L84: No | N84: Not Specified | O84: =IF(K84="","",IF(K84="Missing Resolve Date","",(K84-B84)*24)) | P84: =IF(J84="Resolved",IF(O84<=I84,"Yes","No"),"N/A") -> N/A
A85: TCK-21759 | B85: 46163.738 | C85: Tier 2 Support | D85: Bilal Chaudhry | E85: Karachi | F85: Chat | G85: Account Access | H85: Medium | I85: 24 | J85: Re-Opened | K85: 46164.465 | L85: No | N85: Not Specified | O85: =IF(K85="","",IF(K85="Missing Resolve Date","",(K85-B85)*24)) -> 17.45 | P85: =IF(J85="Resolved",IF(O85<=I85,"Yes","No"),"N/A") -> N/A
A86: TCK-20412 | B86: 46153.192 | C86: Tier 2 Support | D86: Mahnoor Aslam | E86: Faisalabad | F86: Chat | G86: Technical Issue | H86: Low | I86: 48 | J86: Closed | K86: 46154.519 | L86: No | M86: 4 | N86: Customer Requested Refund | O86: =IF(K86="","",IF(K86="Missing Resolve Date","",(K86-B86)*24)) -> 31.833333 | P86: =IF(J86="Resolved",IF(O86<=I86,"Yes","No"),"N/A") -> N/A
A87: TCK-21290 | B87: 46053.942 | C87: Billing Support | D87: Sadia Anwar | E87: Islamabad | F87: Phone | G87: Technical Issue | H87: Critical | I87: 4 | J87: Resolved | K87: 46054.245 | L87: No | M87: 1 | N87: Technical Issue Resolved Remotely | O87: =IF(K87="","",IF(K87="Missing Resolve Date","",(K87-B87)*24)) -> 7.2833333 | P87: =IF(J87="Resolved",IF(O87<=I87,"Yes","No"),"N/A") -> No
A88: TCK-22608 | B88: 46179.208 | C88: Billing Support | D88: Rehan Qureshi | E88: Islamabad | F88: Phone | G88: Technical Issue | H88: Critical | I88: 4 | J88: Open | K88: Missing Resolve Date | L88: No | N88: Awaiting Customer Response | O88: =IF(K88="","",IF(K88="Missing Resolve Date","",(K88-B88)*24)) | P88: =IF(J88="Resolved",IF(O88<=I88,"Yes","No"),"N/A") -> N/A
A89: TCK-22941 | B89: 46201.574 | C89: Tier 1 Support | D89: Ayaan Khalid | E89: Islamabad | F89: Email | G89: Refund Request | H89: Medium | I89: 24 | J89: Open | K89: Missing Resolve Date | L89: No | N89: Not Specified | O89: =IF(K89="","",IF(K89="Missing Resolve Date","",(K89-B89)*24)) | P89: =IF(J89="Resolved",IF(O89<=I89,"Yes","No"),"N/A") -> N/A
A90: TCK-21910 | B90: 46074.502 | C90: Billing Support | D90: Sadia Anwar | E90: Multan | F90: Portal | G90: Billing Issue | H90: High | I90: 8 | J90: Closed | K90: 46074.68 | L90: No | N90: Not Specified | O90: =IF(K90="","",IF(K90="Missing Resolve Date","",(K90-B90)*24)) -> 4.2666667 | P90: =IF(J90="Resolved",IF(O90<=I90,"Yes","No"),"N/A") -> N/A
A91: TCK-21175 | B91: 46055.914 | C91: Tier 1 Support | D91: Ayaan Khalid | E91: Multan | F91: Portal | G91: Account Access | H91: Low | I91: 48 | J91: In Progress | K91: Missing Resolve Date | L91: No | N91: Repeat Issue From Same Customer | O91: =IF(K91="","",IF(K91="Missing Resolve Date","",(K91-B91)*24)) | P91: =IF(J91="Resolved",IF(O91<=I91,"Yes","No"),"N/A") -> N/A
A92: TCK-22414 | B92: 46101.428 | C92: Tier 2 Support | D92: Mahnoor Aslam | E92: Karachi | F92: Phone | G92: Delivery Delay | H92: Medium | I92: 24 | J92: Resolved | K92: 46102.272 | L92: No | M92: 5 | N92: Customer Requested Refund | O92: =IF(K92="","",IF(K92="Missing Resolve Date","",(K92-B92)*24)) -> 20.25 | P92: =IF(J92="Resolved",IF(O92<=I92,"Yes","No"),"N/A") -> Yes
A93: TCK-20128 | B93: 46087.702 | C93: Tier 2 Support | D93: Mahnoor Aslam | E93: Lahore | F93: Email | G93: Refund Request | H93: Low | I93: 48 | J93: Closed | K93: 46093.392 | L93: No | M93: 4 | N93: Required Follow-Up Call | O93: =IF(K93="","",IF(K93="Missing Resolve Date","",(K93-B93)*24)) -> 136.55 | P93: =IF(J93="Resolved",IF(O93<=I93,"Yes","No"),"N/A") -> N/A
A94: TCK-20760 | B94: 46169.11 | C94: Billing Support | D94: Rehan Qureshi | E94: Multan | F94: Phone | G94: General Inquiry | H94: High | I94: 8 | J94: Resolved | K94: 46169.228 | L94: No | M94: 3 | N94: Required Follow-Up Call | O94: =IF(K94="","",IF(K94="Missing Resolve Date","",(K94-B94)*24)) -> 2.85 | P94: =IF(J94="Resolved",IF(O94<=I94,"Yes","No"),"N/A") -> Yes
A95: TCK-21030 | B95: 46182.676 | C95: Tier 1 Support | D95: Ayaan Khalid | E95: Karachi | F95: Portal | G95: General Inquiry | H95: High | I95: 8 | J95: Resolved | K95: 46182.965 | L95: No | M95: 4 | N95: Required Follow-Up Call | O95: =IF(K95="","",IF(K95="Missing Resolve Date","",(K95-B95)*24)) -> 6.9166667 | P95: =IF(J95="Resolved",IF(O95<=I95,"Yes","No"),"N/A") -> Yes
A96: TCK-21746 | B96: 46066.422 | C96: Billing Support | D96: Sadia Anwar | E96: Peshawar | F96: Phone | G96: General Inquiry | H96: High | I96: 8 | J96: Closed | K96: 46066.576 | L96: No | M96: 2 | N96: Customer Satisfied With Resolution | O96: =IF(K96="","",IF(K96="Missing Resolve Date","",(K96-B96)*24)) -> 3.7166667 | P96: =IF(J96="Resolved",IF(O96<=I96,"Yes","No"),"N/A") -> N/A
A97: TCK-21513 | B97: 46068.743 | C97: Billing Support | D97: Sadia Anwar | E97: Rawalpindi | F97: Portal | G97: Billing Issue | H97: Medium | I97: 24 | J97: Resolved | K97: 46070.29 | L97: No | N97: Not Specified | O97: =IF(K97="","",IF(K97="Missing Resolve Date","",(K97-B97)*24)) -> 37.133333 | P97: =IF(J97="Resolved",IF(O97<=I97,"Yes","No"),"N/A") -> No
A98: TCK-20261 | B98: 46044.659 | C98: Billing Support | D98: Rehan Qureshi | E98: Karachi | F98: Chat | G98: Delivery Delay | H98: Medium | I98: 24 | J98: Resolved | K98: Missing Resolve Date | L98: No | N98: Escalated To Senior Agent | O98: =IF(K98="","",IF(K98="Missing Resolve Date","",(K98-B98)*24)) | P98: =IF(J98="Resolved",IF(O98<=I98,"Yes","No"),"N/A") -> No
A99: TCK-21176 | B99: 46247.044 | C99: Tier 1 Support | D99: Zara Hussain | E99: Rawalpindi | F99: Email | G99: Technical Issue | H99: Low | I99: 48 | J99: Escalated | K99: Missing Resolve Date | L99: Yes | N99: Not Specified | O99: =IF(K99="","",IF(K99="Missing Resolve Date","",(K99-B99)*24)) | P99: =IF(J99="Resolved",IF(O99<=I99,"Yes","No"),"N/A") -> N/A
A100: TCK-21999 | B100: 46185.931 | C100: Tier 2 Support | D100: Bilal Chaudhry | E100: Multan | F100: Email | G100: Technical Issue | H100: High | I100: 8 | J100: Closed | K100: 46186.732 | L100: No | M100: 2 | N100: Not Specified | O100: =IF(K100="","",IF(K100="Missing Resolve Date","",(K100-B100)*24)) -> 19.216667 | P100: =IF(J100="Resolved",IF(O100<=I100,"Yes","No"),"N/A") -> N/A
...

Sheet Analysis_Notes
A1: DRILL-DOWN ANALYSIS
A2: Zara Hussain has the lowest SLA compliance rate among all agents at 66.5%, notably below the team average of approximately 74%, despite handling a Resolved ticket volume (164) that is in line with most other agents.
A3: Since her ticket volume is not unusually high compared to peers like Bilal Chaudhry (181 resolved, 76.2% compliance) or Rehan Qureshi (164 resolved, 77.4% compliance - an identical volume to Zara but 11 percentage points higher compliance), volume alone does not explain the gap.
A4: Zara Hussain also has the highest Escalated ticket count among all agents (42) and the highest Re-Opened count (29), suggesting a pattern where issues are either being passed upward more frequently or not being fully resolved on the first attempt - both of which could be consuming time that pushes other tickets past their SLA window.
A5: Recommend reviewing Zara Hussain's ticket assignments to check whether she is being routed a higher proportion of Critical or High priority tickets (which carry tighter SLA windows), and pairing her with a senior agent for a short coaching period focused on first-contact resolution to reduce the Re-Opened rate.
A7: Ad Hoc Analysis
A8: Question: Which Category and Priority combination has the best SLA compliance rate, with at least 100 total tickets?
A9: Answer: Delivery Delay + High Priority has the best SLA compliance rate among qualifying combinations at 84.3% (118 tickets).
A11: KEY FINDINGS
A12: 1. Overall SLA compliance stands at approximately 74%, with clear variation by priority level - Critical and High priority tickets are resolved well within their SLA windows, while Low priority tickets, though slower in absolute hours, still comfortably meet their more lenient 48-hour target.
A13: 2. Agent Zara Hussain has the lowest SLA compliance rate (66.5%) among all agents, closely followed by Sadia Anwar (70.1%) - both notably below the team average, driven partly by elevated Escalation and Re-Opened ticket counts.
A14: 3. Delivery Delay tickets at High priority achieve the strongest SLA compliance among high-volume category combinations (84.3%), while Technical Issue tickets at Medium priority underperform (66.3%) despite being the largest single combination in the dataset.
... A27: Review Zara Hussain's ticket assignment mix and escalation patterns in more detail. Confirm the ticketing system's data entry process is updated to prevent future "Resolved without timestamp" errors.

Sheet Operational_Tracker
A1: Date | B1: Tickets Opened | C1: Tickets Resolved | D1: SLA Compliance % | E1: Backlog
A2: 46023 | B2: =COUNTIFS(Working_Data!$B:$B,">="&A2,Working_Data!$B:$B,"<"&(A2+1)) -> 5 | C2: =COUNTIFS(Working_Data!$K:$K,">="&A2,Working_Data!$K:$K,"<"&(A2+1),Working_Data!$J:$J,"Resolved") -> 1 | D2: =IFERROR(SUMPRODUCT((Working_Data!$K:$K>=A2)*(Working_Data!$K:$K<(A2+1))*(Working_Data!$J:$J="Resolved")*(Working_Data!$O:$O<=Working_Data!$I:$I))/C2,0) -> 1 | E2: =COUNTIFS(Working_Data!$J:$J,"Open")+COUNTIFS(Working_Data!$J:$J,"In Progress") -> 627
A3: 46024 | B3: =COUNTIFS(Working_Data!$B:$B,">="&A3,Working_Data!$B:$B,"<"&(A3+1)) -> 15 | C3: =COUNTIFS(Working_Data!$K:$K,">="&A3,Working_Data!$K:$K,"<"&(A3+1),Working_Data!$J:$J,"Resolved") -> 3 | D3: =IFERROR(SUMPRODUCT((Working_Data!$K:$K>=A3)*(Working_Data!$K:$K<(A3+1))*(Working_Data!$J:$J="Resolved")*(Working_Data!$O:$O<=Working_Data!$I:$I))/C3,0) -> 1 | E3: =COUNTIFS(Working_Data!$J:$J,"Open")+COUNTIFS(Working_Data!$J:$J,"In Progress") -> 627
A4: 46025 | B4: =COUNTIFS(Working_Data!$B:$B,">="&A4,Working_Data!$B:$B,"<"&(A4+1)) -> 11 | C4: =COUNTIFS(Working_Data!$K:$K,">="&A4,Working_Data!$K:$K,"<"&(A4+1),Working_Data!$J:$J,"Resolved") -> 4 | D4: =IFERROR(SUMPRODUCT((Working_Data!$K:$K>=A4)*(Working_Data!$K:$K<(A4+1))*(Working_Data!$J:$J="Resolved")*(Working_Data!$O:$O<=Working_Data!$I:$I))/C4,0) -> 1 | E4: =COUNTIFS(Working_Data!$J:$J,"Open")+COUNTIFS(Working_Data!$J:$J,"In Progress") -> 627
A5: 46026 | B5: =COUNTIFS(Working_Data!$B:$B,">="&A5,Working_Data!$B:$B,"<"&(A5+1)) -> 12 | C5: =COUNTIFS(Working_Data!$K:$K,">="&A5,Working_Data!$K:$K,"<"&(A5+1),Working_Data!$J:$J,"Resolved") -> 4 | D5: =IFERROR(SUMPRODUCT((Working_Data!$K:$K>=A5)*(Working_Data!$K:$K<(A5+1))*(Working_Data!$J:$J="Resolved")*(Working_Data!$O:$O<=Working_Data!$I:$I))/C5,0) -> 1 | E5: =COUNTIFS(Working_Data!$J:$J,"Open")+COUNTIFS(Working_Data!$J:$J,"In Progress") -> 627
A6: 46027 | B6: =COUNTIFS(Working_Data!$B:$B,">="&A6,Working_Data!$B:$B,"<"&(A6+1)) -> 15 | C6: =COUNTIFS(Working_Data!$K:$K,">="&A6,Working_Data!$K:$K,"<"&(A6+1),Working_Data!$J:$J,"Resolved") -> 4 | D6: =IFERROR(SUMPRODUCT((Working_Data!$K:$K>=A6)*(Working_Data!$K:$K<(A6+1))*(Working_Data!$J:$J="Resolved")*(Working_Data!$O:$O<=Working_Data!$I:$I))/C6,0) -> 0.75 | E6: =COUNTIFS(Working_Data!$J:$J,"Open")+COUNTIFS(Working_Data!$J:$J,"In Progress") -> 627
A7: 46028 | B7: =COUNTIFS(Working_Data!$B:$B,">="&A7,Working_Data!$B:$B,"<"&(A7+1)) -> 7 | C7: =COUNTIFS(Working_Data!$K:$K,">="&A7,Working_Data!$K:$K,"<"&(A7+1),Working_Data!$J:$J,"Resolved") -> 6 | D7: =IFERROR(SUMPRODUCT((Working_Data!$K:$K>=A7)*(Working_Data!$K:$K<(A7+1))*(Working_Data!$J:$J="Resolved")*(Working_Data!$O:$O<=Working_Data!$I:$I))/C7,0) -> 0.83333333 | E7: =COUNTIFS(Working_Data!$J:$J,"Open")+COUNTIFS(Working_Data!$J:$J,"In Progress") -> 627
A8: 46029 | B8: =COUNTIFS(Working_Data!$B:$B,">="&A8,Working_Data!$B:$B,"<"&(A8+1)) -> 16 | C8: =COUNTIFS(Working_Data!$K:$K,">="&A8,Working_Data!$K:$K,"<"&(A8+1),Working_Data!$J:$J,"Resolved") -> 6 | D8: =IFERROR(SUMPRODUCT((Working_Data!$K:$K>=A8)*(Working_Data!$K:$K<(A8+1))*(Working_Data!$J:$J="Resolved")*(Working_Data!$O:$O<=Working_Data!$I:$I))/C8,0) -> 0.66666667 | E8: =COUNTIFS(Working_Data!$J:$J,"Open")+COUNTIFS(Working_Data!$J:$J,"In Progress") -> 627
A9: 46030 | B9: =COUNTIFS(Working_Data!$B:$B,">="&A9,Working_Data!$B:$B,"<"&(A9+1)) -> 18 | C9: =COUNTIFS(Working_Data!$K:$K,">="&A9,Working_Data!$K:$K,"<"&(A9+1),Working_Data!$J:$J,"Resolved") -> 7 | D9: =IFERROR(SUMPRODUCT((Working_Data!$K:$K>=A9)*(Working_Data!$K:$K<(A9+1))*(Working_Data!$J:$J="Resolved")*(Working_Data!$O:$O<=Working_Data!$I:$I))/C9,0) -> 0.85714286 | E9: =COUNTIFS(Working_Data!$J:$J,"Open")+COUNTIFS(Working_Data!$J:$J,"In Progress") -> 627
A10: 46031 | B10: =COUNTIFS(Working_Data!$B:$B,">="&A10,Working_Data!$B:$B,"<"&(A10+1)) -> 14 | C10: =COUNTIFS(Working_Data!$K:$K,">="&A10,Working_Data!$K:$K,"<"&(A10+1),Working_Data!$J:$J,"Resolved") -> 5 | D10: =IFERROR(SUMPRODUCT((Working_Data!$K:$K>=A10)*(Working_Data!$K:$K<(A10+1))*(Working_Data!$J:$J="Resolved")*(Working_Data!$O:$O<=Working_Data!$I:$I))/C10,0) -> 1 | E10: =COUNTIFS(Working_Data!$J:$J,"Open")+COUNTIFS(Working_Data!$J:$J,"In Progress") -> 627
A11: 46032 | B11: =COUNTIFS(Working_Data!$B:$B,">="&A11,Working_Data!$B:$B,"<"&(A11+1)) -> 10 | C11: =COUNTIFS(Working_Data!$K:$K,">="&A11,Working_Data!$K:$K,"<"&(A11+1),Working_Data!$J:$J,"Resolved") -> 3 | D11: =IFERROR(SUMPRODUCT((Working_Data!$K:$K>=A11)*(Working_Data!$K:$K<(A11+1))*(Working_Data!$J:$J="Resolved")*(Working_Data!$O:$O<=Working_Data!$I:$I))/C11,0) -> 1 | E11: =COUNTIFS(Working_Data!$J:$J,"Open")+COUNTIFS(Working_Data!$J:$J,"In Progress") -> 627
A12: 46033 | B12: =COUNTIFS(Working_Data!$B:$B,">="&A12,Working_Data!$B:$B,"<"&(A12+1)) -> 14 | C12: =COUNTIFS(Working_Data!$K:$K,">="&A12,Working_Data!$K:$K,"<"&(A12+1),Working_Data!$J:$J,"Resolved") -> 2 | D12: =IFERROR(SUMPRODUCT((Working_Data!$K:$K>=A12)*(Working_Data!$K:$K<(A12+1))*(Working_Data!$J:$J="Resolved")*(Working_Data!$O:$O<=Working_Data!$I:$I))/C12,0) -> 1 | E12: =COUNTIFS(Working_Data!$J:$J,"Open")+COUNTIFS(Working_Data!$J:$J,"In Progress") -> 627
A13: 46034 | B13: =COUNTIFS(Working_Data!$B:$B,">="&A13,Working_Data!$B:$B,"<"&(A13+1)) -> 13 | C13: =COUNTIFS(Working_Data!$K:$K,">="&A13,Working_Data!$K:$K,"<"&(A13+1),Working_Data!$J:$J,"Resolved") -> 4 | D13: =IFERROR(SUMPRODUCT((Working_Data!$K:$K>=A13)*(Working_Data!$K:$K<(A13+1))*(Working_Data!$J:$J="Resolved")*(Working_Data!$O:$O<=Working_Data!$I:$I))/C13,0) -> 1 | E13: =COUNTIFS(Working_Data!$J:$J,"Open")+COUNTIFS(Working_Data!$J:$J,"In Progress") -> 627
... A243: 46264 | B243: =COUNTIFS(Working_Data!$B:$B,">="&A243,Working_Data!$B:$B,"<"&(A243+1)) -> 17 | C243: =COUNTIFS(Working_Data!$K:$K,">="&A243,Working_Data!$K:$K,"<"&(A243+1),Working_Data!$J:$J,"Resolved") -> 8 | D243: =IFERROR(SUMPRODUCT((Working_Data!$K:$K>=A243)*(Working_Data!$K:$K<(A243+1))*(Working_Data!$J:$J="Resolved")*(Working_Data!$O:$O<=Working_Data!$I:$I))/C243,0) -> 0.625 | E243: =COUNTIFS(Working_Data!$J:$J,"Open")+COUNTIFS(Working_Data!$J:$J,"In Progress") -> 627

Sheet Metrics
A1: Metrics
A2: Total Tickets | B2: =COUNTA(Working_Data!A:A)-1 -> 3200
A3: SLA Compliance Rate | B3: =SUMPRODUCT((Working_Data!J2:J3200="Resolved")*(Working_Data!O2:O3200<=Working_Data!I2:I3200))/COUNTIF(Working_Data!J2:J3200,"Resolved") -> 0.73547881
A4: Escalation Rate | B4: =COUNTIF(Working_Data!L:L,"Yes")/B2 -> 0.17875
A5: Average Resolution Time (Hours) | B5: =AVERAGEIF(Working_Data!J:J,"Resolved",Working_Data!O:O) -> 20.571615
A6: Backlog (Open + In Progress) | B6: =COUNTIF(Working_Data!J:J,"Open")+COUNTIF(Working_Data!J:J,"In Progress") -> 627
A7: Average CSAT Score | B7: =AVERAGE(Working_Data!M:M) -> 3.5622189
A8: Reopen Rate | B8: =COUNTIF(Working_Data!J:J,"Re-Opened")/B2 -> 0.0496875

Sheet KPI_Summary
A1: Metrics | B1: Yesterday (Aug 14) | C1: This Week (Aug 10-16) | D1: Month-to-Date (Aug 1-15)
A2: Tickets Opened | B2: =COUNTIFS(Working_Data!B:B,">="&DATE(2026,8,14),Working_Data!B:B,"<"&DATE(2026,8,15)) -> 12 | C2: =COUNTIFS(Working_Data!B:B,">="&DATE(2026,8,10),Working_Data!B:B,"<"&DATE(2026,8,17)) -> 90 | D2: =COUNTIFS(Working_Data!B:B,">="&DATE(2026,8,1),Working_Data!B:B,"<"&DATE(2026,8,16)) -> 192
A3: SLA Compliance Rate | B3: =SUMPRODUCT((Working_Data!J:J="Resolved")*(Working_Data!B:B>=DATE(2026,8,14))*(Working_Data!B:B<DATE(2026,8,15))*(Working_Data!O:O<=Working_Data!I:I))/SUMPRODUCT((Working_Data!J:J="Resolved")*(Working_Data!B:B>=DATE(2026,8,14))*(Working_Data!B:B<DATE(2026,8,15))) -> 0.55555556 | C3: =SUMPRODUCT((Working_Data!J:J="Resolved")*(Working_Data!B:B>=DATE(2026,8,10))*(Working_Data!B:B<DATE(2026,8,17))*(Working_Data!O:O<=Working_Data!I:I))/SUMPRODUCT((Working_Data!J:J="Resolved")*(Working_Data!B:B>=DATE(2026,8,10))*(Working_Data!B:B<DATE(2026,8,17))) -> 0.72727273 | D3: =SUMPRODUCT((Working_Data!J:J="Resolved")*(Working_Data!B:B>=DATE(2026,8,1))*(Working_Data!B:B<DATE(2026,8,16))*(Working_Data!O:O<=Working_Data!I:I))/SUMPRODUCT((Working_Data!J:J="Resolved")*(Working_Data!B:B>=DATE(2026,8,1))*(Working_Data!B:B<DATE(2026,8,16))) -> 0.75
A4: Avg Resolution Time (Hours) | B4: =AVERAGEIFS(Working_Data!O:O,Working_Data!J:J,"Resolved",Working_Data!B:B,">="&DATE(2026,8,14),Working_Data!B:B,"<"&DATE(2026,8,15)) -> 39.172222 | C4: =AVERAGEIFS(Working_Data!O:O,Working_Data!J:J,"Resolved",Working_Data!B:B,">="&DATE(2026,8,10),Working_Data!B:B,"<"&DATE(2026,8,17)) -> 26.25625 | D4: =AVERAGEIFS(Working_Data!O:O,Working_Data!J:J,"Resolved",Working_Data!B:B,">="&DATE(2026,8,1),Working_Data!B:B,"<"&DATE(2026,8,16)) -> 24.536325
